Name,Shader Type,d3d10,d3d10_1,d3d11,glsl3,vulkan_desktop
AdornAALineFS,Fragment,✔,✔,✔,✔,✔
AdornAALineVS,Vertex,✔,✔,✔,✔,✔
AdornDebugFS,Fragment,✔,✔,✔,✔,✔
AdornFixedWidthAALineVS,Vertex,✔,✔,✔,✔,✔
AdornFS,Fragment,✔,✔,✔,✔,✔
AdornLightingVS,Vertex,✔,✔,✔,✔,✔
AdornObjectFS,Fragment,✔,✔,✔,✔,✔
AdornObjectParabolaVS,Vertex,✔,✔,✔,✔,✔
AdornObjectRopeVS,Vertex,✔,✔,✔,✔,✔
AdornObjectSpringVS,Vertex,✔,✔,✔,✔,✔
AdornObjectVS,Vertex,✔,✔,✔,✔,✔
AdornOnTopFS,Fragment,✔,✔,✔,✔,✔
AdornOutlineFS,Fragment,✔,✔,✔,✔,✔
AdornOutlineVS,Vertex,✔,✔,✔,✔,✔
AdornSelfLitHighlightVS,Vertex,✔,✔,✔,✔,✔
AdornSelfLitVS,Vertex,✔,✔,✔,✔,✔
AdornUnlitFS,Fragment,✔,✔,✔,✔,✔
AdornVS,Vertex,✔,✔,✔,✔,✔
AdvSkyEnvFS,Fragment,✔,✔,✔,✔,✔
AdvSkyFS,Fragment,✔,✔,✔,✔,✔
AdvSkyLinearEnvFS,Fragment,✔,✔,✔,✔,✔
AdvSkyLinearFS,Fragment,✔,✔,✔,✔,✔
AdvSkyRGBEEnvFS,Fragment,✔,✔,✔,✔,✔
AdvSkyRGBEFS,Fragment,✔,✔,✔,✔,✔
AdvSkyRGBELinearEnvFS,Fragment,✔,✔,✔,✔,✔
AdvSkyRGBELinearFS,Fragment,✔,✔,✔,✔,✔
AdvSkyVS,Vertex,✔,✔,✔,✔,✔
AdvStarsFS,Fragment,✔,✔,✔,✔,✔
AdvStarsVS,Vertex,✔,✔,✔,✔,✔
AdvSunFS,Fragment,✔,✔,✔,✔,✔
AdvSunVS,Vertex,✔,✔,✔,✔,✔
ASWDepthDownsize,Fragment,❌,❌,✔,❌,✔
AtlasCopyCS,Compute,❌,❌,✔,❌,✔
CheckerboardDepthFS,Fragment,✔,✔,✔,✔,✔
ClearFourChannelCS,Compute,❌,❌,✔,❌,✔
ClearOneChannelCS,Compute,❌,❌,✔,❌,✔
ClearThreeChannelCS,Compute,❌,❌,✔,❌,✔
ClearTwoChannelCS,Compute,❌,❌,✔,❌,✔
CloudsBsmFS,Fragment,✔,✔,✔,✔,✔
CloudsClearToSkyColorFS,Fragment,✔,✔,✔,✔,✔
CloudsDist2dFS,Fragment,✔,✔,✔,✔,✔
CloudsDistFS,Fragment,✔,✔,✔,✔,✔
CloudsReprojectFilterFS,Fragment,✔,✔,✔,✔,✔
CloudsSunCoverFS,Fragment,✔,✔,✔,✔,✔
CloudsUpsampleNoHistoryFS,Fragment,❌,❌,❌,✔,❌
CloudsVS,Vertex,✔,✔,✔,✔,✔
CompressBc1CS,Compute,❌,❌,✔,❌,✔
CompressBc3CS,Compute,❌,❌,✔,❌,✔
CompressBc4CS,Compute,❌,❌,✔,❌,✔
CopyGuiVS,Vertex,✔,✔,✔,✔,✔
DefaultDepthFS,Fragment,✔,✔,✔,✔,✔
DefaultModelLodFS,Fragment,✔,✔,✔,✔,✔
DefaultModelLodVS,Vertex,✔,✔,✔,✔,✔
DefaultShadowFS,Fragment,✔,✔,✔,✔,✔
DefaultSurfaceAppearanceDitheredDepthFS,Fragment,✔,✔,✔,✔,✔
DefaultUnifiedFlatTransparentFS_00000800,Fragment,❌,❌,❌,✔,❌
DefaultUnifiedFlatTransparentFS_10000000,Fragment,❌,❌,❌,✔,❌
DefaultUnifiedFlatTransparentFS_10000400,Fragment,❌,❌,❌,✔,❌
DefaultUnifiedFlatTransparentFS_20000000,Fragment,❌,❌,❌,✔,❌
DefaultUnifiedFlatTransparentVS_00000800,Vertex,❌,❌,❌,✔,❌
DefaultUnifiedFlatTransparentVS_00000801,Vertex,❌,❌,❌,✔,❌
DefaultUnifiedFlatTransparentVS_00000802,Vertex,❌,❌,❌,✔,❌
DefaultUnifiedFlatTransparentVS_00000806,Vertex,❌,❌,❌,✔,❌
DefaultUnifiedFlatTransparentVS_00001800,Vertex,❌,❌,❌,✔,❌
DefaultUnifiedFlatTransparentVS_00001802,Vertex,❌,❌,❌,✔,❌
DefaultUnifiedFlatTransparentVS_00001806,Vertex,❌,❌,❌,✔,❌
DefaultUnifiedFlatTransparentVS_00100801,Vertex,❌,❌,❌,✔,❌
DefaultUnifiedFlatTransparentVS_04000806,Vertex,❌,❌,❌,✔,❌
DefaultUnifiedFlatTransparentVS_04001806,Vertex,❌,❌,❌,✔,❌
DefaultUnifiedFlatTransparentVS_10000000,Vertex,❌,❌,❌,✔,❌
DefaultUnifiedFlatTransparentVS_10000001,Vertex,❌,❌,❌,✔,❌
DefaultUnifiedFlatTransparentVS_10000002,Vertex,❌,❌,❌,✔,❌
DefaultUnifiedFlatTransparentVS_10000006,Vertex,❌,❌,❌,✔,❌
DefaultUnifiedFlatTransparentVS_10000400,Vertex,❌,❌,❌,✔,❌
DefaultUnifiedFlatTransparentVS_10000401,Vertex,❌,❌,❌,✔,❌
DefaultUnifiedFlatTransparentVS_10000402,Vertex,❌,❌,❌,✔,❌
DefaultUnifiedFlatTransparentVS_10000406,Vertex,❌,❌,❌,✔,❌
DefaultUnifiedFlatTransparentVS_10001000,Vertex,❌,❌,❌,✔,❌
DefaultUnifiedFlatTransparentVS_10001002,Vertex,❌,❌,❌,✔,❌
DefaultUnifiedFlatTransparentVS_10001006,Vertex,❌,❌,❌,✔,❌
DefaultUnifiedFlatTransparentVS_10001400,Vertex,❌,❌,❌,✔,❌
DefaultUnifiedFlatTransparentVS_10001402,Vertex,❌,❌,❌,✔,❌
DefaultUnifiedFlatTransparentVS_10001406,Vertex,❌,❌,❌,✔,❌
DefaultUnifiedFlatTransparentVS_10100001,Vertex,❌,❌,❌,✔,❌
DefaultUnifiedFlatTransparentVS_10100401,Vertex,❌,❌,❌,✔,❌
DefaultUnifiedFlatTransparentVS_14000006,Vertex,❌,❌,❌,✔,❌
DefaultUnifiedFlatTransparentVS_14000406,Vertex,❌,❌,❌,✔,❌
DefaultUnifiedFlatTransparentVS_14001006,Vertex,❌,❌,❌,✔,❌
DefaultUnifiedFlatTransparentVS_14001406,Vertex,❌,❌,❌,✔,❌
DefaultUnifiedFlatTransparentVS_20000000,Vertex,❌,❌,❌,✔,❌
DefaultUnifiedFlatTransparentVS_20000001,Vertex,❌,❌,❌,✔,❌
DefaultUnifiedFlatTransparentVS_20000002,Vertex,❌,❌,❌,✔,❌
DefaultUnifiedFlatTransparentVS_20000006,Vertex,❌,❌,❌,✔,❌
DefaultUnifiedFlatTransparentVS_20001000,Vertex,❌,❌,❌,✔,❌
DefaultUnifiedFlatTransparentVS_20001002,Vertex,❌,❌,❌,✔,❌
DefaultUnifiedFlatTransparentVS_20001006,Vertex,❌,❌,❌,✔,❌
DefaultUnifiedFlatTransparentVS_20100001,Vertex,❌,❌,❌,✔,❌
DefaultUnifiedFlatTransparentVS_24000006,Vertex,❌,❌,❌,✔,❌
DefaultUnifiedFlatTransparentVS_24001006,Vertex,❌,❌,❌,✔,❌
DefaultUnifiedForcefieldFS_00000800,Fragment,❌,❌,❌,✔,❌
DefaultUnifiedForcefieldFS_10000000,Fragment,❌,❌,❌,✔,❌
DefaultUnifiedForcefieldFS_10000400,Fragment,❌,❌,❌,✔,❌
DefaultUnifiedForcefieldFS_20000000,Fragment,❌,❌,❌,✔,❌
DefaultUnifiedForcefieldVS_00000800,Vertex,❌,❌,❌,✔,❌
DefaultUnifiedForcefieldVS_00000801,Vertex,❌,❌,❌,✔,❌
DefaultUnifiedForcefieldVS_00000802,Vertex,❌,❌,❌,✔,❌
DefaultUnifiedForcefieldVS_00000806,Vertex,❌,❌,❌,✔,❌
DefaultUnifiedForcefieldVS_00001800,Vertex,❌,❌,❌,✔,❌
DefaultUnifiedForcefieldVS_00001802,Vertex,❌,❌,❌,✔,❌
DefaultUnifiedForcefieldVS_00001806,Vertex,❌,❌,❌,✔,❌
DefaultUnifiedForcefieldVS_00100801,Vertex,❌,❌,❌,✔,❌
DefaultUnifiedForcefieldVS_04000806,Vertex,❌,❌,❌,✔,❌
DefaultUnifiedForcefieldVS_04001806,Vertex,❌,❌,❌,✔,❌
DefaultUnifiedForcefieldVS_10000000,Vertex,❌,❌,❌,✔,❌
DefaultUnifiedForcefieldVS_10000001,Vertex,❌,❌,❌,✔,❌
DefaultUnifiedForcefieldVS_10000002,Vertex,❌,❌,❌,✔,❌
DefaultUnifiedForcefieldVS_10000006,Vertex,❌,❌,❌,✔,❌
DefaultUnifiedForcefieldVS_10000400,Vertex,❌,❌,❌,✔,❌
DefaultUnifiedForcefieldVS_10000401,Vertex,❌,❌,❌,✔,❌
DefaultUnifiedForcefieldVS_10000402,Vertex,❌,❌,❌,✔,❌
DefaultUnifiedForcefieldVS_10000406,Vertex,❌,❌,❌,✔,❌
DefaultUnifiedForcefieldVS_10001000,Vertex,❌,❌,❌,✔,❌
DefaultUnifiedForcefieldVS_10001002,Vertex,❌,❌,❌,✔,❌
DefaultUnifiedForcefieldVS_10001006,Vertex,❌,❌,❌,✔,❌
DefaultUnifiedForcefieldVS_10001400,Vertex,❌,❌,❌,✔,❌
DefaultUnifiedForcefieldVS_10001402,Vertex,❌,❌,❌,✔,❌
DefaultUnifiedForcefieldVS_10001406,Vertex,❌,❌,❌,✔,❌
DefaultUnifiedForcefieldVS_10100001,Vertex,❌,❌,❌,✔,❌
DefaultUnifiedForcefieldVS_10100401,Vertex,❌,❌,❌,✔,❌
DefaultUnifiedForcefieldVS_14000006,Vertex,❌,❌,❌,✔,❌
DefaultUnifiedForcefieldVS_14000406,Vertex,❌,❌,❌,✔,❌
DefaultUnifiedForcefieldVS_14001006,Vertex,❌,❌,❌,✔,❌
DefaultUnifiedForcefieldVS_14001406,Vertex,❌,❌,❌,✔,❌
DefaultUnifiedForcefieldVS_20000000,Vertex,❌,❌,❌,✔,❌
DefaultUnifiedForcefieldVS_20000001,Vertex,❌,❌,❌,✔,❌
DefaultUnifiedForcefieldVS_20000002,Vertex,❌,❌,❌,✔,❌
DefaultUnifiedForcefieldVS_20000006,Vertex,❌,❌,❌,✔,❌
DefaultUnifiedForcefieldVS_20001000,Vertex,❌,❌,❌,✔,❌
DefaultUnifiedForcefieldVS_20001002,Vertex,❌,❌,❌,✔,❌
DefaultUnifiedForcefieldVS_20001006,Vertex,❌,❌,❌,✔,❌
DefaultUnifiedForcefieldVS_20100001,Vertex,❌,❌,❌,✔,❌
DefaultUnifiedForcefieldVS_24000006,Vertex,❌,❌,❌,✔,❌
DefaultUnifiedForcefieldVS_24001006,Vertex,❌,❌,❌,✔,❌
DefaultUnifiedGlassTintFS,Fragment,✔,✔,✔,✔,✔
DefaultUnifiedGlassTintVS,Vertex,✔,✔,✔,✔,✔
DefaultUnifiedGlassTintVS_00000001,Vertex,✔,✔,✔,✔,✔
DefaultUnifiedGlassTintVS_00000002,Vertex,✔,✔,✔,✔,✔
DefaultUnifiedGlassTintVS_00000006,Vertex,✔,✔,✔,✔,✔
DefaultUnifiedGlassTintVS_00000400,Vertex,✔,✔,✔,✔,✔
DefaultUnifiedGlassTintVS_00000401,Vertex,✔,✔,✔,✔,✔
DefaultUnifiedGlassTintVS_00000402,Vertex,✔,✔,✔,✔,✔
DefaultUnifiedGlassTintVS_00000406,Vertex,✔,✔,✔,✔,✔
DefaultUnifiedGlassTintVS_00001000,Vertex,✔,✔,✔,✔,✔
DefaultUnifiedGlassTintVS_00001002,Vertex,✔,✔,✔,✔,✔
DefaultUnifiedGlassTintVS_00001006,Vertex,✔,✔,✔,✔,✔
DefaultUnifiedGlassTintVS_00001400,Vertex,✔,✔,✔,✔,✔
DefaultUnifiedGlassTintVS_00001402,Vertex,✔,✔,✔,✔,✔
DefaultUnifiedGlassTintVS_00001406,Vertex,✔,✔,✔,✔,✔
DefaultUnifiedGlassTintVS_00100001,Vertex,✔,✔,✔,✔,✔
DefaultUnifiedGlassTintVS_00100401,Vertex,✔,✔,✔,✔,✔
DefaultUnifiedGlassTintVS_00200000,Vertex,✔,✔,✔,❌,✔
DefaultUnifiedGlassTintVS_00200400,Vertex,✔,✔,✔,❌,✔
DefaultUnifiedGlassTintVS_00300000,Vertex,✔,✔,✔,❌,✔
DefaultUnifiedGlassTintVS_00300400,Vertex,✔,✔,✔,❌,✔
DefaultUnifiedGlassTintVS_04000006,Vertex,✔,✔,✔,✔,✔
DefaultUnifiedGlassTintVS_04000406,Vertex,✔,✔,✔,✔,✔
DefaultUnifiedGlassTintVS_04001006,Vertex,✔,✔,✔,✔,✔
DefaultUnifiedGlassTintVS_04001406,Vertex,✔,✔,✔,✔,✔
DefaultUnifiedGlassTransparentFS_00000800,Fragment,✔,✔,✔,✔,✔
DefaultUnifiedGlassTransparentFS_02000800,Fragment,✔,✔,✔,✔,✔
DefaultUnifiedGlassTransparentFS_08000800,Fragment,✔,✔,✔,✔,✔
DefaultUnifiedGlassTransparentFS_0a000800,Fragment,✔,✔,✔,✔,✔
DefaultUnifiedGlassTransparentFS_10000000,Fragment,✔,✔,✔,✔,✔
DefaultUnifiedGlassTransparentFS_10000400,Fragment,✔,✔,✔,✔,✔
DefaultUnifiedGlassTransparentFS_12000000,Fragment,✔,✔,✔,✔,✔
DefaultUnifiedGlassTransparentFS_12000400,Fragment,✔,✔,✔,✔,✔
DefaultUnifiedGlassTransparentFS_18000000,Fragment,✔,✔,✔,✔,✔
DefaultUnifiedGlassTransparentFS_18000400,Fragment,✔,✔,✔,✔,✔
DefaultUnifiedGlassTransparentFS_1a000000,Fragment,✔,✔,✔,✔,✔
DefaultUnifiedGlassTransparentFS_1a000400,Fragment,✔,✔,✔,✔,✔
DefaultUnifiedGlassTransparentFS_20000000,Fragment,✔,✔,✔,✔,✔
DefaultUnifiedGlassTransparentFS_22000000,Fragment,✔,✔,✔,✔,✔
DefaultUnifiedGlassTransparentFS_28000000,Fragment,✔,✔,✔,✔,✔
DefaultUnifiedGlassTransparentFS_2a000000,Fragment,✔,✔,✔,✔,✔
DefaultUnifiedGlassTransparentFS_40000000,Fragment,✔,✔,✔,❌,✔
DefaultUnifiedGlassTransparentFS_42000000,Fragment,✔,✔,✔,❌,✔
DefaultUnifiedGlassTransparentFS_48000000,Fragment,✔,✔,✔,❌,✔
DefaultUnifiedGlassTransparentFS_4a000000,Fragment,✔,✔,✔,❌,✔
DefaultUnifiedGlassTransparentFS_80000000,Fragment,✔,✔,✔,❌,✔
DefaultUnifiedGlassTransparentFS_80000008,Fragment,✔,✔,✔,❌,✔
DefaultUnifiedGlassTransparentFS_80000200,Fragment,✔,✔,✔,❌,✔
DefaultUnifiedGlassTransparentFS_80000208,Fragment,✔,✔,✔,❌,✔
DefaultUnifiedGlassTransparentFS_82000000,Fragment,✔,✔,✔,❌,✔
DefaultUnifiedGlassTransparentFS_82000008,Fragment,✔,✔,✔,❌,✔
DefaultUnifiedGlassTransparentFS_82000200,Fragment,✔,✔,✔,❌,✔
DefaultUnifiedGlassTransparentFS_82000208,Fragment,✔,✔,✔,❌,✔
DefaultUnifiedGlassTransparentFS_88000000,Fragment,✔,✔,✔,❌,✔
DefaultUnifiedGlassTransparentFS_88000008,Fragment,✔,✔,✔,❌,✔
DefaultUnifiedGlassTransparentFS_88000200,Fragment,✔,✔,✔,❌,✔
DefaultUnifiedGlassTransparentFS_88000208,Fragment,✔,✔,✔,❌,✔
DefaultUnifiedGlassTransparentFS_8a000000,Fragment,✔,✔,✔,❌,✔
DefaultUnifiedGlassTransparentFS_8a000008,Fragment,✔,✔,✔,❌,✔
DefaultUnifiedGlassTransparentFS_8a000200,Fragment,✔,✔,✔,❌,✔
DefaultUnifiedGlassTransparentFS_8a000208,Fragment,✔,✔,✔,❌,✔
DefaultUnifiedGlassTransparentVS_00000800,Vertex,✔,✔,✔,✔,✔
DefaultUnifiedGlassTransparentVS_00000801,Vertex,✔,✔,✔,✔,✔
DefaultUnifiedGlassTransparentVS_00000802,Vertex,✔,✔,✔,✔,✔
DefaultUnifiedGlassTransparentVS_00000806,Vertex,✔,✔,✔,✔,✔
DefaultUnifiedGlassTransparentVS_00001800,Vertex,✔,✔,✔,✔,✔
DefaultUnifiedGlassTransparentVS_00001802,Vertex,✔,✔,✔,✔,✔
DefaultUnifiedGlassTransparentVS_00001806,Vertex,✔,✔,✔,✔,✔
DefaultUnifiedGlassTransparentVS_00100801,Vertex,✔,✔,✔,✔,✔
DefaultUnifiedGlassTransparentVS_00200800,Vertex,✔,✔,✔,❌,✔
DefaultUnifiedGlassTransparentVS_00300800,Vertex,✔,✔,✔,❌,✔
DefaultUnifiedGlassTransparentVS_04000806,Vertex,✔,✔,✔,✔,✔
DefaultUnifiedGlassTransparentVS_04001806,Vertex,✔,✔,✔,✔,✔
DefaultUnifiedGlassTransparentVS_08000800,Vertex,✔,✔,✔,✔,✔
DefaultUnifiedGlassTransparentVS_08000801,Vertex,✔,✔,✔,✔,✔
DefaultUnifiedGlassTransparentVS_08000802,Vertex,✔,✔,✔,✔,✔
DefaultUnifiedGlassTransparentVS_08000806,Vertex,✔,✔,✔,✔,✔
DefaultUnifiedGlassTransparentVS_08001800,Vertex,✔,✔,✔,✔,✔
DefaultUnifiedGlassTransparentVS_08001802,Vertex,✔,✔,✔,✔,✔
DefaultUnifiedGlassTransparentVS_08001806,Vertex,✔,✔,✔,✔,✔
DefaultUnifiedGlassTransparentVS_08100801,Vertex,✔,✔,✔,✔,✔
DefaultUnifiedGlassTransparentVS_08200800,Vertex,✔,✔,✔,❌,✔
DefaultUnifiedGlassTransparentVS_08300800,Vertex,✔,✔,✔,❌,✔
DefaultUnifiedGlassTransparentVS_0c000806,Vertex,✔,✔,✔,✔,✔
DefaultUnifiedGlassTransparentVS_0c001806,Vertex,✔,✔,✔,✔,✔
DefaultUnifiedGlassTransparentVS_10000000,Vertex,✔,✔,✔,✔,✔
DefaultUnifiedGlassTransparentVS_10000001,Vertex,✔,✔,✔,✔,✔
DefaultUnifiedGlassTransparentVS_10000002,Vertex,✔,✔,✔,✔,✔
DefaultUnifiedGlassTransparentVS_10000006,Vertex,✔,✔,✔,✔,✔
DefaultUnifiedGlassTransparentVS_10000400,Vertex,✔,✔,✔,✔,✔
DefaultUnifiedGlassTransparentVS_10000401,Vertex,✔,✔,✔,✔,✔
DefaultUnifiedGlassTransparentVS_10000402,Vertex,✔,✔,✔,✔,✔
DefaultUnifiedGlassTransparentVS_10000406,Vertex,✔,✔,✔,✔,✔
DefaultUnifiedGlassTransparentVS_10001000,Vertex,✔,✔,✔,✔,✔
DefaultUnifiedGlassTransparentVS_10001002,Vertex,✔,✔,✔,✔,✔
DefaultUnifiedGlassTransparentVS_10001006,Vertex,✔,✔,✔,✔,✔
DefaultUnifiedGlassTransparentVS_10001400,Vertex,✔,✔,✔,✔,✔
DefaultUnifiedGlassTransparentVS_10001402,Vertex,✔,✔,✔,✔,✔
DefaultUnifiedGlassTransparentVS_10001406,Vertex,✔,✔,✔,✔,✔
DefaultUnifiedGlassTransparentVS_10100001,Vertex,✔,✔,✔,✔,✔
DefaultUnifiedGlassTransparentVS_10100401,Vertex,✔,✔,✔,✔,✔
DefaultUnifiedGlassTransparentVS_10200000,Vertex,✔,✔,✔,❌,✔
DefaultUnifiedGlassTransparentVS_10200400,Vertex,✔,✔,✔,❌,✔
DefaultUnifiedGlassTransparentVS_10300000,Vertex,✔,✔,✔,❌,✔
DefaultUnifiedGlassTransparentVS_10300400,Vertex,✔,✔,✔,❌,✔
DefaultUnifiedGlassTransparentVS_14000006,Vertex,✔,✔,✔,✔,✔
DefaultUnifiedGlassTransparentVS_14000406,Vertex,✔,✔,✔,✔,✔
DefaultUnifiedGlassTransparentVS_14001006,Vertex,✔,✔,✔,✔,✔
DefaultUnifiedGlassTransparentVS_14001406,Vertex,✔,✔,✔,✔,✔
DefaultUnifiedGlassTransparentVS_18000000,Vertex,✔,✔,✔,✔,✔
DefaultUnifiedGlassTransparentVS_18000001,Vertex,✔,✔,✔,✔,✔
DefaultUnifiedGlassTransparentVS_18000002,Vertex,✔,✔,✔,✔,✔
DefaultUnifiedGlassTransparentVS_18000006,Vertex,✔,✔,✔,✔,✔
DefaultUnifiedGlassTransparentVS_18000400,Vertex,✔,✔,✔,✔,✔
DefaultUnifiedGlassTransparentVS_18000401,Vertex,✔,✔,✔,✔,✔
DefaultUnifiedGlassTransparentVS_18000402,Vertex,✔,✔,✔,✔,✔
DefaultUnifiedGlassTransparentVS_18000406,Vertex,✔,✔,✔,✔,✔
DefaultUnifiedGlassTransparentVS_18001000,Vertex,✔,✔,✔,✔,✔
DefaultUnifiedGlassTransparentVS_18001002,Vertex,✔,✔,✔,✔,✔
DefaultUnifiedGlassTransparentVS_18001006,Vertex,✔,✔,✔,✔,✔
DefaultUnifiedGlassTransparentVS_18001400,Vertex,✔,✔,✔,✔,✔
DefaultUnifiedGlassTransparentVS_18001402,Vertex,✔,✔,✔,✔,✔
DefaultUnifiedGlassTransparentVS_18001406,Vertex,✔,✔,✔,✔,✔
DefaultUnifiedGlassTransparentVS_18100001,Vertex,✔,✔,✔,✔,✔
DefaultUnifiedGlassTransparentVS_18100401,Vertex,✔,✔,✔,✔,✔
DefaultUnifiedGlassTransparentVS_18200000,Vertex,✔,✔,✔,❌,✔
DefaultUnifiedGlassTransparentVS_18200400,Vertex,✔,✔,✔,❌,✔
DefaultUnifiedGlassTransparentVS_18300000,Vertex,✔,✔,✔,❌,✔
DefaultUnifiedGlassTransparentVS_18300400,Vertex,✔,✔,✔,❌,✔
DefaultUnifiedGlassTransparentVS_1c000006,Vertex,✔,✔,✔,✔,✔
DefaultUnifiedGlassTransparentVS_1c000406,Vertex,✔,✔,✔,✔,✔
DefaultUnifiedGlassTransparentVS_1c001006,Vertex,✔,✔,✔,✔,✔
DefaultUnifiedGlassTransparentVS_1c001406,Vertex,✔,✔,✔,✔,✔
DefaultUnifiedGlassTransparentVS_20000000,Vertex,✔,✔,✔,✔,✔
DefaultUnifiedGlassTransparentVS_20000001,Vertex,✔,✔,✔,✔,✔
DefaultUnifiedGlassTransparentVS_20000002,Vertex,✔,✔,✔,✔,✔
DefaultUnifiedGlassTransparentVS_20000006,Vertex,✔,✔,✔,✔,✔
DefaultUnifiedGlassTransparentVS_20001000,Vertex,✔,✔,✔,✔,✔
DefaultUnifiedGlassTransparentVS_20001002,Vertex,✔,✔,✔,✔,✔
DefaultUnifiedGlassTransparentVS_20001006,Vertex,✔,✔,✔,✔,✔
DefaultUnifiedGlassTransparentVS_20100001,Vertex,✔,✔,✔,✔,✔
DefaultUnifiedGlassTransparentVS_20200000,Vertex,✔,✔,✔,❌,✔
DefaultUnifiedGlassTransparentVS_20300000,Vertex,✔,✔,✔,❌,✔
DefaultUnifiedGlassTransparentVS_24000006,Vertex,✔,✔,✔,✔,✔
DefaultUnifiedGlassTransparentVS_24001006,Vertex,✔,✔,✔,✔,✔
DefaultUnifiedGlassTransparentVS_28000000,Vertex,✔,✔,✔,✔,✔
DefaultUnifiedGlassTransparentVS_28000001,Vertex,✔,✔,✔,✔,✔
DefaultUnifiedGlassTransparentVS_28000002,Vertex,✔,✔,✔,✔,✔
DefaultUnifiedGlassTransparentVS_28000006,Vertex,✔,✔,✔,✔,✔
DefaultUnifiedGlassTransparentVS_28001000,Vertex,✔,✔,✔,✔,✔
DefaultUnifiedGlassTransparentVS_28001002,Vertex,✔,✔,✔,✔,✔
DefaultUnifiedGlassTransparentVS_28001006,Vertex,✔,✔,✔,✔,✔
DefaultUnifiedGlassTransparentVS_28100001,Vertex,✔,✔,✔,✔,✔
DefaultUnifiedGlassTransparentVS_28200000,Vertex,✔,✔,✔,❌,✔
DefaultUnifiedGlassTransparentVS_28300000,Vertex,✔,✔,✔,❌,✔
DefaultUnifiedGlassTransparentVS_2c000006,Vertex,✔,✔,✔,✔,✔
DefaultUnifiedGlassTransparentVS_2c001006,Vertex,✔,✔,✔,✔,✔
DefaultUnifiedGlassTransparentVS_40000000,Vertex,✔,✔,✔,❌,✔
DefaultUnifiedGlassTransparentVS_40000001,Vertex,✔,✔,✔,❌,✔
DefaultUnifiedGlassTransparentVS_40000002,Vertex,✔,✔,✔,❌,✔
DefaultUnifiedGlassTransparentVS_40000006,Vertex,✔,✔,✔,❌,✔
DefaultUnifiedGlassTransparentVS_40001000,Vertex,✔,✔,✔,❌,✔
DefaultUnifiedGlassTransparentVS_40001002,Vertex,✔,✔,✔,❌,✔
DefaultUnifiedGlassTransparentVS_40001006,Vertex,✔,✔,✔,❌,✔
DefaultUnifiedGlassTransparentVS_40100001,Vertex,✔,✔,✔,❌,✔
DefaultUnifiedGlassTransparentVS_40200000,Vertex,✔,✔,✔,❌,✔
DefaultUnifiedGlassTransparentVS_40300000,Vertex,✔,✔,✔,❌,✔
DefaultUnifiedGlassTransparentVS_44000006,Vertex,✔,✔,✔,❌,✔
DefaultUnifiedGlassTransparentVS_44001006,Vertex,✔,✔,✔,❌,✔
DefaultUnifiedGlassTransparentVS_48000000,Vertex,✔,✔,✔,❌,✔
DefaultUnifiedGlassTransparentVS_48000001,Vertex,✔,✔,✔,❌,✔
DefaultUnifiedGlassTransparentVS_48000002,Vertex,✔,✔,✔,❌,✔
DefaultUnifiedGlassTransparentVS_48000006,Vertex,✔,✔,✔,❌,✔
DefaultUnifiedGlassTransparentVS_48001000,Vertex,✔,✔,✔,❌,✔
DefaultUnifiedGlassTransparentVS_48001002,Vertex,✔,✔,✔,❌,✔
DefaultUnifiedGlassTransparentVS_48001006,Vertex,✔,✔,✔,❌,✔
DefaultUnifiedGlassTransparentVS_48100001,Vertex,✔,✔,✔,❌,✔
DefaultUnifiedGlassTransparentVS_48200000,Vertex,✔,✔,✔,❌,✔
DefaultUnifiedGlassTransparentVS_48300000,Vertex,✔,✔,✔,❌,✔
DefaultUnifiedGlassTransparentVS_4c000006,Vertex,✔,✔,✔,❌,✔
DefaultUnifiedGlassTransparentVS_4c001006,Vertex,✔,✔,✔,❌,✔
DefaultUnifiedGlassTransparentVS_80000000,Vertex,✔,✔,✔,❌,✔
DefaultUnifiedGlassTransparentVS_80000001,Vertex,✔,✔,✔,❌,✔
DefaultUnifiedGlassTransparentVS_80000002,Vertex,✔,✔,✔,❌,✔
DefaultUnifiedGlassTransparentVS_80000006,Vertex,✔,✔,✔,❌,✔
DefaultUnifiedGlassTransparentVS_80000008,Vertex,✔,✔,✔,❌,✔
DefaultUnifiedGlassTransparentVS_80000009,Vertex,✔,✔,✔,❌,✔
DefaultUnifiedGlassTransparentVS_8000000a,Vertex,✔,✔,✔,❌,✔
DefaultUnifiedGlassTransparentVS_8000000e,Vertex,✔,✔,✔,❌,✔
DefaultUnifiedGlassTransparentVS_80000200,Vertex,✔,✔,✔,❌,✔
DefaultUnifiedGlassTransparentVS_80000201,Vertex,✔,✔,✔,❌,✔
DefaultUnifiedGlassTransparentVS_80000202,Vertex,✔,✔,✔,❌,✔
DefaultUnifiedGlassTransparentVS_80000206,Vertex,✔,✔,✔,❌,✔
DefaultUnifiedGlassTransparentVS_80000208,Vertex,✔,✔,✔,❌,✔
DefaultUnifiedGlassTransparentVS_80000209,Vertex,✔,✔,✔,❌,✔
DefaultUnifiedGlassTransparentVS_8000020a,Vertex,✔,✔,✔,❌,✔
DefaultUnifiedGlassTransparentVS_8000020e,Vertex,✔,✔,✔,❌,✔
DefaultUnifiedGlassTransparentVS_80001000,Vertex,✔,✔,✔,❌,✔
DefaultUnifiedGlassTransparentVS_80001002,Vertex,✔,✔,✔,❌,✔
DefaultUnifiedGlassTransparentVS_80001006,Vertex,✔,✔,✔,❌,✔
DefaultUnifiedGlassTransparentVS_80001008,Vertex,✔,✔,✔,❌,✔
DefaultUnifiedGlassTransparentVS_8000100a,Vertex,✔,✔,✔,❌,✔
DefaultUnifiedGlassTransparentVS_8000100e,Vertex,✔,✔,✔,❌,✔
DefaultUnifiedGlassTransparentVS_80001200,Vertex,✔,✔,✔,❌,✔
DefaultUnifiedGlassTransparentVS_80001202,Vertex,✔,✔,✔,❌,✔
DefaultUnifiedGlassTransparentVS_80001206,Vertex,✔,✔,✔,❌,✔
DefaultUnifiedGlassTransparentVS_80001208,Vertex,✔,✔,✔,❌,✔
DefaultUnifiedGlassTransparentVS_8000120a,Vertex,✔,✔,✔,❌,✔
DefaultUnifiedGlassTransparentVS_8000120e,Vertex,✔,✔,✔,❌,✔
DefaultUnifiedGlassTransparentVS_80100001,Vertex,✔,✔,✔,❌,✔
DefaultUnifiedGlassTransparentVS_80100009,Vertex,✔,✔,✔,❌,✔
DefaultUnifiedGlassTransparentVS_80100201,Vertex,✔,✔,✔,❌,✔
DefaultUnifiedGlassTransparentVS_80100209,Vertex,✔,✔,✔,❌,✔
DefaultUnifiedGlassTransparentVS_80200000,Vertex,✔,✔,✔,❌,✔
DefaultUnifiedGlassTransparentVS_80200008,Vertex,✔,✔,✔,❌,✔
DefaultUnifiedGlassTransparentVS_80200200,Vertex,✔,✔,✔,❌,✔
DefaultUnifiedGlassTransparentVS_80200208,Vertex,✔,✔,✔,❌,✔
DefaultUnifiedGlassTransparentVS_80300000,Vertex,✔,✔,✔,❌,✔
DefaultUnifiedGlassTransparentVS_80300008,Vertex,✔,✔,✔,❌,✔
DefaultUnifiedGlassTransparentVS_80300200,Vertex,✔,✔,✔,❌,✔
DefaultUnifiedGlassTransparentVS_80300208,Vertex,✔,✔,✔,❌,✔
DefaultUnifiedGlassTransparentVS_84000006,Vertex,✔,✔,✔,❌,✔
DefaultUnifiedGlassTransparentVS_8400000e,Vertex,✔,✔,✔,❌,✔
DefaultUnifiedGlassTransparentVS_84000206,Vertex,✔,✔,✔,❌,✔
DefaultUnifiedGlassTransparentVS_8400020e,Vertex,✔,✔,✔,❌,✔
DefaultUnifiedGlassTransparentVS_84001006,Vertex,✔,✔,✔,❌,✔
DefaultUnifiedGlassTransparentVS_8400100e,Vertex,✔,✔,✔,❌,✔
DefaultUnifiedGlassTransparentVS_84001206,Vertex,✔,✔,✔,❌,✔
DefaultUnifiedGlassTransparentVS_8400120e,Vertex,✔,✔,✔,❌,✔
DefaultUnifiedGlassTransparentVS_88000000,Vertex,✔,✔,✔,❌,✔
DefaultUnifiedGlassTransparentVS_88000001,Vertex,✔,✔,✔,❌,✔
DefaultUnifiedGlassTransparentVS_88000002,Vertex,✔,✔,✔,❌,✔
DefaultUnifiedGlassTransparentVS_88000006,Vertex,✔,✔,✔,❌,✔
DefaultUnifiedGlassTransparentVS_88000008,Vertex,✔,✔,✔,❌,✔
DefaultUnifiedGlassTransparentVS_88000009,Vertex,✔,✔,✔,❌,✔
DefaultUnifiedGlassTransparentVS_8800000a,Vertex,✔,✔,✔,❌,✔
DefaultUnifiedGlassTransparentVS_8800000e,Vertex,✔,✔,✔,❌,✔
DefaultUnifiedGlassTransparentVS_88000200,Vertex,✔,✔,✔,❌,✔
DefaultUnifiedGlassTransparentVS_88000201,Vertex,✔,✔,✔,❌,✔
DefaultUnifiedGlassTransparentVS_88000202,Vertex,✔,✔,✔,❌,✔
DefaultUnifiedGlassTransparentVS_88000206,Vertex,✔,✔,✔,❌,✔
DefaultUnifiedGlassTransparentVS_88000208,Vertex,✔,✔,✔,❌,✔
DefaultUnifiedGlassTransparentVS_88000209,Vertex,✔,✔,✔,❌,✔
DefaultUnifiedGlassTransparentVS_8800020a,Vertex,✔,✔,✔,❌,✔
DefaultUnifiedGlassTransparentVS_8800020e,Vertex,✔,✔,✔,❌,✔
DefaultUnifiedGlassTransparentVS_88001000,Vertex,✔,✔,✔,❌,✔
DefaultUnifiedGlassTransparentVS_88001002,Vertex,✔,✔,✔,❌,✔
DefaultUnifiedGlassTransparentVS_88001006,Vertex,✔,✔,✔,❌,✔
DefaultUnifiedGlassTransparentVS_88001008,Vertex,✔,✔,✔,❌,✔
DefaultUnifiedGlassTransparentVS_8800100a,Vertex,✔,✔,✔,❌,✔
DefaultUnifiedGlassTransparentVS_8800100e,Vertex,✔,✔,✔,❌,✔
DefaultUnifiedGlassTransparentVS_88001200,Vertex,✔,✔,✔,❌,✔
DefaultUnifiedGlassTransparentVS_88001202,Vertex,✔,✔,✔,❌,✔
DefaultUnifiedGlassTransparentVS_88001206,Vertex,✔,✔,✔,❌,✔
DefaultUnifiedGlassTransparentVS_88001208,Vertex,✔,✔,✔,❌,✔
DefaultUnifiedGlassTransparentVS_8800120a,Vertex,✔,✔,✔,❌,✔
DefaultUnifiedGlassTransparentVS_8800120e,Vertex,✔,✔,✔,❌,✔
DefaultUnifiedGlassTransparentVS_88100001,Vertex,✔,✔,✔,❌,✔
DefaultUnifiedGlassTransparentVS_88100009,Vertex,✔,✔,✔,❌,✔
DefaultUnifiedGlassTransparentVS_88100201,Vertex,✔,✔,✔,❌,✔
DefaultUnifiedGlassTransparentVS_88100209,Vertex,✔,✔,✔,❌,✔
DefaultUnifiedGlassTransparentVS_88200000,Vertex,✔,✔,✔,❌,✔
DefaultUnifiedGlassTransparentVS_88200008,Vertex,✔,✔,✔,❌,✔
DefaultUnifiedGlassTransparentVS_88200200,Vertex,✔,✔,✔,❌,✔
DefaultUnifiedGlassTransparentVS_88200208,Vertex,✔,✔,✔,❌,✔
DefaultUnifiedGlassTransparentVS_88300000,Vertex,✔,✔,✔,❌,✔
DefaultUnifiedGlassTransparentVS_88300008,Vertex,✔,✔,✔,❌,✔
DefaultUnifiedGlassTransparentVS_88300200,Vertex,✔,✔,✔,❌,✔
DefaultUnifiedGlassTransparentVS_88300208,Vertex,✔,✔,✔,❌,✔
DefaultUnifiedGlassTransparentVS_8c000006,Vertex,✔,✔,✔,❌,✔
DefaultUnifiedGlassTransparentVS_8c00000e,Vertex,✔,✔,✔,❌,✔
DefaultUnifiedGlassTransparentVS_8c000206,Vertex,✔,✔,✔,❌,✔
DefaultUnifiedGlassTransparentVS_8c00020e,Vertex,✔,✔,✔,❌,✔
DefaultUnifiedGlassTransparentVS_8c001006,Vertex,✔,✔,✔,❌,✔
DefaultUnifiedGlassTransparentVS_8c00100e,Vertex,✔,✔,✔,❌,✔
DefaultUnifiedGlassTransparentVS_8c001206,Vertex,✔,✔,✔,❌,✔
DefaultUnifiedGlassTransparentVS_8c00120e,Vertex,✔,✔,✔,❌,✔
DefaultUnifiedGridFS_00000800,Fragment,✔,✔,✔,✔,✔
DefaultUnifiedGridFS_10000000,Fragment,✔,✔,✔,✔,✔
DefaultUnifiedGridFS_10000400,Fragment,✔,✔,✔,✔,✔
DefaultUnifiedGridFS_20000000,Fragment,✔,✔,✔,✔,✔
DefaultUnifiedGridFS_40000000,Fragment,✔,✔,✔,❌,✔
DefaultUnifiedGridFS_80000000,Fragment,✔,✔,✔,❌,✔
DefaultUnifiedGridFS_80000008,Fragment,✔,✔,✔,❌,✔
DefaultUnifiedGridFS_80000200,Fragment,✔,✔,✔,❌,✔
DefaultUnifiedGridFS_80000208,Fragment,✔,✔,✔,❌,✔
DefaultUnifiedGridVS_00000800,Vertex,✔,✔,✔,✔,✔
DefaultUnifiedGridVS_00000801,Vertex,✔,✔,✔,✔,✔
DefaultUnifiedGridVS_00000802,Vertex,✔,✔,✔,✔,✔
DefaultUnifiedGridVS_00000806,Vertex,✔,✔,✔,✔,✔
DefaultUnifiedGridVS_00001800,Vertex,✔,✔,✔,✔,✔
DefaultUnifiedGridVS_00001802,Vertex,✔,✔,✔,✔,✔
DefaultUnifiedGridVS_00001806,Vertex,✔,✔,✔,✔,✔
DefaultUnifiedGridVS_00100801,Vertex,✔,✔,✔,✔,✔
DefaultUnifiedGridVS_00200800,Vertex,✔,✔,✔,❌,✔
DefaultUnifiedGridVS_00300800,Vertex,✔,✔,✔,❌,✔
DefaultUnifiedGridVS_04000806,Vertex,✔,✔,✔,✔,✔
DefaultUnifiedGridVS_04001806,Vertex,✔,✔,✔,✔,✔
DefaultUnifiedGridVS_10000000,Vertex,✔,✔,✔,✔,✔
DefaultUnifiedGridVS_10000001,Vertex,✔,✔,✔,✔,✔
DefaultUnifiedGridVS_10000002,Vertex,✔,✔,✔,✔,✔
DefaultUnifiedGridVS_10000006,Vertex,✔,✔,✔,✔,✔
DefaultUnifiedGridVS_10000400,Vertex,✔,✔,✔,✔,✔
DefaultUnifiedGridVS_10000401,Vertex,✔,✔,✔,✔,✔
DefaultUnifiedGridVS_10000402,Vertex,✔,✔,✔,✔,✔
DefaultUnifiedGridVS_10000406,Vertex,✔,✔,✔,✔,✔
DefaultUnifiedGridVS_10001000,Vertex,✔,✔,✔,✔,✔
DefaultUnifiedGridVS_10001002,Vertex,✔,✔,✔,✔,✔
DefaultUnifiedGridVS_10001006,Vertex,✔,✔,✔,✔,✔
DefaultUnifiedGridVS_10001400,Vertex,✔,✔,✔,✔,✔
DefaultUnifiedGridVS_10001402,Vertex,✔,✔,✔,✔,✔
DefaultUnifiedGridVS_10001406,Vertex,✔,✔,✔,✔,✔
DefaultUnifiedGridVS_10100001,Vertex,✔,✔,✔,✔,✔
DefaultUnifiedGridVS_10100401,Vertex,✔,✔,✔,✔,✔
DefaultUnifiedGridVS_10200000,Vertex,✔,✔,✔,❌,✔
DefaultUnifiedGridVS_10200400,Vertex,✔,✔,✔,❌,✔
DefaultUnifiedGridVS_10300000,Vertex,✔,✔,✔,❌,✔
DefaultUnifiedGridVS_10300400,Vertex,✔,✔,✔,❌,✔
DefaultUnifiedGridVS_14000006,Vertex,✔,✔,✔,✔,✔
DefaultUnifiedGridVS_14000406,Vertex,✔,✔,✔,✔,✔
DefaultUnifiedGridVS_14001006,Vertex,✔,✔,✔,✔,✔
DefaultUnifiedGridVS_14001406,Vertex,✔,✔,✔,✔,✔
DefaultUnifiedGridVS_20000000,Vertex,✔,✔,✔,✔,✔
DefaultUnifiedGridVS_20000001,Vertex,✔,✔,✔,✔,✔
DefaultUnifiedGridVS_20000002,Vertex,✔,✔,✔,✔,✔
DefaultUnifiedGridVS_20000006,Vertex,✔,✔,✔,✔,✔
DefaultUnifiedGridVS_20001000,Vertex,✔,✔,✔,✔,✔
DefaultUnifiedGridVS_20001002,Vertex,✔,✔,✔,✔,✔
DefaultUnifiedGridVS_20001006,Vertex,✔,✔,✔,✔,✔
DefaultUnifiedGridVS_20100001,Vertex,✔,✔,✔,✔,✔
DefaultUnifiedGridVS_20200000,Vertex,✔,✔,✔,❌,✔
DefaultUnifiedGridVS_20300000,Vertex,✔,✔,✔,❌,✔
DefaultUnifiedGridVS_24000006,Vertex,✔,✔,✔,✔,✔
DefaultUnifiedGridVS_24001006,Vertex,✔,✔,✔,✔,✔
DefaultUnifiedGridVS_40000000,Vertex,✔,✔,✔,❌,✔
DefaultUnifiedGridVS_40000001,Vertex,✔,✔,✔,❌,✔
DefaultUnifiedGridVS_40000002,Vertex,✔,✔,✔,❌,✔
DefaultUnifiedGridVS_40000006,Vertex,✔,✔,✔,❌,✔
DefaultUnifiedGridVS_40001000,Vertex,✔,✔,✔,❌,✔
DefaultUnifiedGridVS_40001002,Vertex,✔,✔,✔,❌,✔
DefaultUnifiedGridVS_40001006,Vertex,✔,✔,✔,❌,✔
DefaultUnifiedGridVS_40100001,Vertex,✔,✔,✔,❌,✔
DefaultUnifiedGridVS_40200000,Vertex,✔,✔,✔,❌,✔
DefaultUnifiedGridVS_40300000,Vertex,✔,✔,✔,❌,✔
DefaultUnifiedGridVS_44000006,Vertex,✔,✔,✔,❌,✔
DefaultUnifiedGridVS_44001006,Vertex,✔,✔,✔,❌,✔
DefaultUnifiedGridVS_80000000,Vertex,✔,✔,✔,❌,✔
DefaultUnifiedGridVS_80000001,Vertex,✔,✔,✔,❌,✔
DefaultUnifiedGridVS_80000002,Vertex,✔,✔,✔,❌,✔
DefaultUnifiedGridVS_80000006,Vertex,✔,✔,✔,❌,✔
DefaultUnifiedGridVS_80000008,Vertex,✔,✔,✔,❌,✔
DefaultUnifiedGridVS_80000009,Vertex,✔,✔,✔,❌,✔
DefaultUnifiedGridVS_8000000a,Vertex,✔,✔,✔,❌,✔
DefaultUnifiedGridVS_8000000e,Vertex,✔,✔,✔,❌,✔
DefaultUnifiedGridVS_80000200,Vertex,✔,✔,✔,❌,✔
DefaultUnifiedGridVS_80000201,Vertex,✔,✔,✔,❌,✔
DefaultUnifiedGridVS_80000202,Vertex,✔,✔,✔,❌,✔
DefaultUnifiedGridVS_80000206,Vertex,✔,✔,✔,❌,✔
DefaultUnifiedGridVS_80000208,Vertex,✔,✔,✔,❌,✔
DefaultUnifiedGridVS_80000209,Vertex,✔,✔,✔,❌,✔
DefaultUnifiedGridVS_8000020a,Vertex,✔,✔,✔,❌,✔
DefaultUnifiedGridVS_8000020e,Vertex,✔,✔,✔,❌,✔
DefaultUnifiedGridVS_80001000,Vertex,✔,✔,✔,❌,✔
DefaultUnifiedGridVS_80001002,Vertex,✔,✔,✔,❌,✔
DefaultUnifiedGridVS_80001006,Vertex,✔,✔,✔,❌,✔
DefaultUnifiedGridVS_80001008,Vertex,✔,✔,✔,❌,✔
DefaultUnifiedGridVS_8000100a,Vertex,✔,✔,✔,❌,✔
DefaultUnifiedGridVS_8000100e,Vertex,✔,✔,✔,❌,✔
DefaultUnifiedGridVS_80001200,Vertex,✔,✔,✔,❌,✔
DefaultUnifiedGridVS_80001202,Vertex,✔,✔,✔,❌,✔
DefaultUnifiedGridVS_80001206,Vertex,✔,✔,✔,❌,✔
DefaultUnifiedGridVS_80001208,Vertex,✔,✔,✔,❌,✔
DefaultUnifiedGridVS_8000120a,Vertex,✔,✔,✔,❌,✔
DefaultUnifiedGridVS_8000120e,Vertex,✔,✔,✔,❌,✔
DefaultUnifiedGridVS_80100001,Vertex,✔,✔,✔,❌,✔
DefaultUnifiedGridVS_80100009,Vertex,✔,✔,✔,❌,✔
DefaultUnifiedGridVS_80100201,Vertex,✔,✔,✔,❌,✔
DefaultUnifiedGridVS_80100209,Vertex,✔,✔,✔,❌,✔
DefaultUnifiedGridVS_80200000,Vertex,✔,✔,✔,❌,✔
DefaultUnifiedGridVS_80200008,Vertex,✔,✔,✔,❌,✔
DefaultUnifiedGridVS_80200200,Vertex,✔,✔,✔,❌,✔
DefaultUnifiedGridVS_80200208,Vertex,✔,✔,✔,❌,✔
DefaultUnifiedGridVS_80300000,Vertex,✔,✔,✔,❌,✔
DefaultUnifiedGridVS_80300008,Vertex,✔,✔,✔,❌,✔
DefaultUnifiedGridVS_80300200,Vertex,✔,✔,✔,❌,✔
DefaultUnifiedGridVS_80300208,Vertex,✔,✔,✔,❌,✔
DefaultUnifiedGridVS_84000006,Vertex,✔,✔,✔,❌,✔
DefaultUnifiedGridVS_8400000e,Vertex,✔,✔,✔,❌,✔
DefaultUnifiedGridVS_84000206,Vertex,✔,✔,✔,❌,✔
DefaultUnifiedGridVS_8400020e,Vertex,✔,✔,✔,❌,✔
DefaultUnifiedGridVS_84001006,Vertex,✔,✔,✔,❌,✔
DefaultUnifiedGridVS_8400100e,Vertex,✔,✔,✔,❌,✔
DefaultUnifiedGridVS_84001206,Vertex,✔,✔,✔,❌,✔
DefaultUnifiedGridVS_8400120e,Vertex,✔,✔,✔,❌,✔
DefaultUnifiedModelLodFS,Fragment,✔,✔,✔,✔,✔
DefaultUnifiedModelLodVS,Vertex,✔,✔,✔,✔,✔
DefaultUnifiedNeonFFlagRenderMobileNeonHighlightFixFS_00000800,Fragment,❌,❌,❌,✔,❌
DefaultUnifiedNeonFFlagRenderMobileNeonHighlightFixFS_10000000,Fragment,❌,❌,❌,✔,❌
DefaultUnifiedNeonFFlagRenderMobileNeonHighlightFixFS_10000400,Fragment,❌,❌,❌,✔,❌
DefaultUnifiedNeonFFlagRenderMobileNeonHighlightFixFS_20000000,Fragment,❌,❌,❌,✔,❌
DefaultUnifiedNeonFS_00000800,Fragment,❌,❌,❌,✔,❌
DefaultUnifiedNeonFS_10000000,Fragment,❌,❌,❌,✔,❌
DefaultUnifiedNeonFS_10000400,Fragment,❌,❌,❌,✔,❌
DefaultUnifiedNeonFS_20000000,Fragment,❌,❌,❌,✔,❌
DefaultUnifiedNeonVS_00000800,Vertex,❌,❌,❌,✔,❌
DefaultUnifiedNeonVS_00000801,Vertex,❌,❌,❌,✔,❌
DefaultUnifiedNeonVS_00000802,Vertex,❌,❌,❌,✔,❌
DefaultUnifiedNeonVS_00000806,Vertex,❌,❌,❌,✔,❌
DefaultUnifiedNeonVS_00001800,Vertex,❌,❌,❌,✔,❌
DefaultUnifiedNeonVS_00001802,Vertex,❌,❌,❌,✔,❌
DefaultUnifiedNeonVS_00001806,Vertex,❌,❌,❌,✔,❌
DefaultUnifiedNeonVS_00100801,Vertex,❌,❌,❌,✔,❌
DefaultUnifiedNeonVS_04000806,Vertex,❌,❌,❌,✔,❌
DefaultUnifiedNeonVS_04001806,Vertex,❌,❌,❌,✔,❌
DefaultUnifiedNeonVS_10000000,Vertex,❌,❌,❌,✔,❌
DefaultUnifiedNeonVS_10000001,Vertex,❌,❌,❌,✔,❌
DefaultUnifiedNeonVS_10000002,Vertex,❌,❌,❌,✔,❌
DefaultUnifiedNeonVS_10000006,Vertex,❌,❌,❌,✔,❌
DefaultUnifiedNeonVS_10000400,Vertex,❌,❌,❌,✔,❌
DefaultUnifiedNeonVS_10000401,Vertex,❌,❌,❌,✔,❌
DefaultUnifiedNeonVS_10000402,Vertex,❌,❌,❌,✔,❌
DefaultUnifiedNeonVS_10000406,Vertex,❌,❌,❌,✔,❌
DefaultUnifiedNeonVS_10001000,Vertex,❌,❌,❌,✔,❌
DefaultUnifiedNeonVS_10001002,Vertex,❌,❌,❌,✔,❌
DefaultUnifiedNeonVS_10001006,Vertex,❌,❌,❌,✔,❌
DefaultUnifiedNeonVS_10001400,Vertex,❌,❌,❌,✔,❌
DefaultUnifiedNeonVS_10001402,Vertex,❌,❌,❌,✔,❌
DefaultUnifiedNeonVS_10001406,Vertex,❌,❌,❌,✔,❌
DefaultUnifiedNeonVS_10100001,Vertex,❌,❌,❌,✔,❌
DefaultUnifiedNeonVS_10100401,Vertex,❌,❌,❌,✔,❌
DefaultUnifiedNeonVS_14000006,Vertex,❌,❌,❌,✔,❌
DefaultUnifiedNeonVS_14000406,Vertex,❌,❌,❌,✔,❌
DefaultUnifiedNeonVS_14001006,Vertex,❌,❌,❌,✔,❌
DefaultUnifiedNeonVS_14001406,Vertex,❌,❌,❌,✔,❌
DefaultUnifiedNeonVS_20000000,Vertex,❌,❌,❌,✔,❌
DefaultUnifiedNeonVS_20000001,Vertex,❌,❌,❌,✔,❌
DefaultUnifiedNeonVS_20000002,Vertex,❌,❌,❌,✔,❌
DefaultUnifiedNeonVS_20000006,Vertex,❌,❌,❌,✔,❌
DefaultUnifiedNeonVS_20001000,Vertex,❌,❌,❌,✔,❌
DefaultUnifiedNeonVS_20001002,Vertex,❌,❌,❌,✔,❌
DefaultUnifiedNeonVS_20001006,Vertex,❌,❌,❌,✔,❌
DefaultUnifiedNeonVS_20100001,Vertex,❌,❌,❌,✔,❌
DefaultUnifiedNeonVS_24000006,Vertex,❌,❌,❌,✔,❌
DefaultUnifiedNeonVS_24001006,Vertex,❌,❌,❌,✔,❌
DefaultUnifiedPlasticReflectionFS_00000800,Fragment,✔,✔,✔,✔,✔
DefaultUnifiedPlasticReflectionFS_10000000,Fragment,✔,✔,✔,✔,✔
DefaultUnifiedPlasticReflectionFS_10000400,Fragment,✔,✔,✔,✔,✔
DefaultUnifiedPlasticReflectionFS_20000000,Fragment,✔,✔,✔,✔,✔
DefaultUnifiedPlasticReflectionFS_40000000,Fragment,✔,✔,✔,❌,✔
DefaultUnifiedPlasticReflectionFS_80000000,Fragment,✔,✔,✔,❌,✔
DefaultUnifiedPlasticReflectionFS_80000008,Fragment,✔,✔,✔,❌,✔
DefaultUnifiedPlasticReflectionFS_80000200,Fragment,✔,✔,✔,❌,✔
DefaultUnifiedPlasticReflectionFS_80000208,Fragment,✔,✔,✔,❌,✔
DefaultUnifiedPlasticReflectionVS_00000800,Vertex,✔,✔,✔,✔,✔
DefaultUnifiedPlasticReflectionVS_00000801,Vertex,✔,✔,✔,✔,✔
DefaultUnifiedPlasticReflectionVS_00000802,Vertex,✔,✔,✔,✔,✔
DefaultUnifiedPlasticReflectionVS_00000806,Vertex,✔,✔,✔,✔,✔
DefaultUnifiedPlasticReflectionVS_00001800,Vertex,✔,✔,✔,✔,✔
DefaultUnifiedPlasticReflectionVS_00001802,Vertex,✔,✔,✔,✔,✔
DefaultUnifiedPlasticReflectionVS_00001806,Vertex,✔,✔,✔,✔,✔
DefaultUnifiedPlasticReflectionVS_00100801,Vertex,✔,✔,✔,✔,✔
DefaultUnifiedPlasticReflectionVS_00200800,Vertex,✔,✔,✔,❌,✔
DefaultUnifiedPlasticReflectionVS_00300800,Vertex,✔,✔,✔,❌,✔
DefaultUnifiedPlasticReflectionVS_04000806,Vertex,✔,✔,✔,✔,✔
DefaultUnifiedPlasticReflectionVS_04001806,Vertex,✔,✔,✔,✔,✔
DefaultUnifiedPlasticReflectionVS_10000000,Vertex,✔,✔,✔,✔,✔
DefaultUnifiedPlasticReflectionVS_10000001,Vertex,✔,✔,✔,✔,✔
DefaultUnifiedPlasticReflectionVS_10000002,Vertex,✔,✔,✔,✔,✔
DefaultUnifiedPlasticReflectionVS_10000006,Vertex,✔,✔,✔,✔,✔
DefaultUnifiedPlasticReflectionVS_10000400,Vertex,✔,✔,✔,✔,✔
DefaultUnifiedPlasticReflectionVS_10000401,Vertex,✔,✔,✔,✔,✔
DefaultUnifiedPlasticReflectionVS_10000402,Vertex,✔,✔,✔,✔,✔
DefaultUnifiedPlasticReflectionVS_10000406,Vertex,✔,✔,✔,✔,✔
DefaultUnifiedPlasticReflectionVS_10001000,Vertex,✔,✔,✔,✔,✔
DefaultUnifiedPlasticReflectionVS_10001002,Vertex,✔,✔,✔,✔,✔
DefaultUnifiedPlasticReflectionVS_10001006,Vertex,✔,✔,✔,✔,✔
DefaultUnifiedPlasticReflectionVS_10001400,Vertex,✔,✔,✔,✔,✔
DefaultUnifiedPlasticReflectionVS_10001402,Vertex,✔,✔,✔,✔,✔
DefaultUnifiedPlasticReflectionVS_10001406,Vertex,✔,✔,✔,✔,✔
DefaultUnifiedPlasticReflectionVS_10100001,Vertex,✔,✔,✔,✔,✔
DefaultUnifiedPlasticReflectionVS_10100401,Vertex,✔,✔,✔,✔,✔
DefaultUnifiedPlasticReflectionVS_10200000,Vertex,✔,✔,✔,❌,✔
DefaultUnifiedPlasticReflectionVS_10200400,Vertex,✔,✔,✔,❌,✔
DefaultUnifiedPlasticReflectionVS_10300000,Vertex,✔,✔,✔,❌,✔
DefaultUnifiedPlasticReflectionVS_10300400,Vertex,✔,✔,✔,❌,✔
DefaultUnifiedPlasticReflectionVS_14000006,Vertex,✔,✔,✔,✔,✔
DefaultUnifiedPlasticReflectionVS_14000406,Vertex,✔,✔,✔,✔,✔
DefaultUnifiedPlasticReflectionVS_14001006,Vertex,✔,✔,✔,✔,✔
DefaultUnifiedPlasticReflectionVS_14001406,Vertex,✔,✔,✔,✔,✔
DefaultUnifiedPlasticReflectionVS_20000000,Vertex,✔,✔,✔,✔,✔
DefaultUnifiedPlasticReflectionVS_20000001,Vertex,✔,✔,✔,✔,✔
DefaultUnifiedPlasticReflectionVS_20000002,Vertex,✔,✔,✔,✔,✔
DefaultUnifiedPlasticReflectionVS_20000006,Vertex,✔,✔,✔,✔,✔
DefaultUnifiedPlasticReflectionVS_20001000,Vertex,✔,✔,✔,✔,✔
DefaultUnifiedPlasticReflectionVS_20001002,Vertex,✔,✔,✔,✔,✔
DefaultUnifiedPlasticReflectionVS_20001006,Vertex,✔,✔,✔,✔,✔
DefaultUnifiedPlasticReflectionVS_20100001,Vertex,✔,✔,✔,✔,✔
DefaultUnifiedPlasticReflectionVS_20200000,Vertex,✔,✔,✔,❌,✔
DefaultUnifiedPlasticReflectionVS_20300000,Vertex,✔,✔,✔,❌,✔
DefaultUnifiedPlasticReflectionVS_24000006,Vertex,✔,✔,✔,✔,✔
DefaultUnifiedPlasticReflectionVS_24001006,Vertex,✔,✔,✔,✔,✔
DefaultUnifiedPlasticReflectionVS_40000000,Vertex,✔,✔,✔,❌,✔
DefaultUnifiedPlasticReflectionVS_40000001,Vertex,✔,✔,✔,❌,✔
DefaultUnifiedPlasticReflectionVS_40000002,Vertex,✔,✔,✔,❌,✔
DefaultUnifiedPlasticReflectionVS_40000006,Vertex,✔,✔,✔,❌,✔
DefaultUnifiedPlasticReflectionVS_40001000,Vertex,✔,✔,✔,❌,✔
DefaultUnifiedPlasticReflectionVS_40001002,Vertex,✔,✔,✔,❌,✔
DefaultUnifiedPlasticReflectionVS_40001006,Vertex,✔,✔,✔,❌,✔
DefaultUnifiedPlasticReflectionVS_40100001,Vertex,✔,✔,✔,❌,✔
DefaultUnifiedPlasticReflectionVS_40200000,Vertex,✔,✔,✔,❌,✔
DefaultUnifiedPlasticReflectionVS_40300000,Vertex,✔,✔,✔,❌,✔
DefaultUnifiedPlasticReflectionVS_44000006,Vertex,✔,✔,✔,❌,✔
DefaultUnifiedPlasticReflectionVS_44001006,Vertex,✔,✔,✔,❌,✔
DefaultUnifiedPlasticReflectionVS_80000000,Vertex,✔,✔,✔,❌,✔
DefaultUnifiedPlasticReflectionVS_80000001,Vertex,✔,✔,✔,❌,✔
DefaultUnifiedPlasticReflectionVS_80000002,Vertex,✔,✔,✔,❌,✔
DefaultUnifiedPlasticReflectionVS_80000006,Vertex,✔,✔,✔,❌,✔
DefaultUnifiedPlasticReflectionVS_80000008,Vertex,✔,✔,✔,❌,✔
DefaultUnifiedPlasticReflectionVS_80000009,Vertex,✔,✔,✔,❌,✔
DefaultUnifiedPlasticReflectionVS_8000000a,Vertex,✔,✔,✔,❌,✔
DefaultUnifiedPlasticReflectionVS_8000000e,Vertex,✔,✔,✔,❌,✔
DefaultUnifiedPlasticReflectionVS_80000200,Vertex,✔,✔,✔,❌,✔
DefaultUnifiedPlasticReflectionVS_80000201,Vertex,✔,✔,✔,❌,✔
DefaultUnifiedPlasticReflectionVS_80000202,Vertex,✔,✔,✔,❌,✔
DefaultUnifiedPlasticReflectionVS_80000206,Vertex,✔,✔,✔,❌,✔
DefaultUnifiedPlasticReflectionVS_80000208,Vertex,✔,✔,✔,❌,✔
DefaultUnifiedPlasticReflectionVS_80000209,Vertex,✔,✔,✔,❌,✔
DefaultUnifiedPlasticReflectionVS_8000020a,Vertex,✔,✔,✔,❌,✔
DefaultUnifiedPlasticReflectionVS_8000020e,Vertex,✔,✔,✔,❌,✔
DefaultUnifiedPlasticReflectionVS_80001000,Vertex,✔,✔,✔,❌,✔
DefaultUnifiedPlasticReflectionVS_80001002,Vertex,✔,✔,✔,❌,✔
DefaultUnifiedPlasticReflectionVS_80001006,Vertex,✔,✔,✔,❌,✔
DefaultUnifiedPlasticReflectionVS_80001008,Vertex,✔,✔,✔,❌,✔
DefaultUnifiedPlasticReflectionVS_8000100a,Vertex,✔,✔,✔,❌,✔
DefaultUnifiedPlasticReflectionVS_8000100e,Vertex,✔,✔,✔,❌,✔
DefaultUnifiedPlasticReflectionVS_80001200,Vertex,✔,✔,✔,❌,✔
DefaultUnifiedPlasticReflectionVS_80001202,Vertex,✔,✔,✔,❌,✔
DefaultUnifiedPlasticReflectionVS_80001206,Vertex,✔,✔,✔,❌,✔
DefaultUnifiedPlasticReflectionVS_80001208,Vertex,✔,✔,✔,❌,✔
DefaultUnifiedPlasticReflectionVS_8000120a,Vertex,✔,✔,✔,❌,✔
DefaultUnifiedPlasticReflectionVS_8000120e,Vertex,✔,✔,✔,❌,✔
DefaultUnifiedPlasticReflectionVS_80100001,Vertex,✔,✔,✔,❌,✔
DefaultUnifiedPlasticReflectionVS_80100009,Vertex,✔,✔,✔,❌,✔
DefaultUnifiedPlasticReflectionVS_80100201,Vertex,✔,✔,✔,❌,✔
DefaultUnifiedPlasticReflectionVS_80100209,Vertex,✔,✔,✔,❌,✔
DefaultUnifiedPlasticReflectionVS_80200000,Vertex,✔,✔,✔,❌,✔
DefaultUnifiedPlasticReflectionVS_80200008,Vertex,✔,✔,✔,❌,✔
DefaultUnifiedPlasticReflectionVS_80200200,Vertex,✔,✔,✔,❌,✔
DefaultUnifiedPlasticReflectionVS_80200208,Vertex,✔,✔,✔,❌,✔
DefaultUnifiedPlasticReflectionVS_80300000,Vertex,✔,✔,✔,❌,✔
DefaultUnifiedPlasticReflectionVS_80300008,Vertex,✔,✔,✔,❌,✔
DefaultUnifiedPlasticReflectionVS_80300200,Vertex,✔,✔,✔,❌,✔
DefaultUnifiedPlasticReflectionVS_80300208,Vertex,✔,✔,✔,❌,✔
DefaultUnifiedPlasticReflectionVS_84000006,Vertex,✔,✔,✔,❌,✔
DefaultUnifiedPlasticReflectionVS_8400000e,Vertex,✔,✔,✔,❌,✔
DefaultUnifiedPlasticReflectionVS_84000206,Vertex,✔,✔,✔,❌,✔
DefaultUnifiedPlasticReflectionVS_8400020e,Vertex,✔,✔,✔,❌,✔
DefaultUnifiedPlasticReflectionVS_84001006,Vertex,✔,✔,✔,❌,✔
DefaultUnifiedPlasticReflectionVS_8400100e,Vertex,✔,✔,✔,❌,✔
DefaultUnifiedPlasticReflectionVS_84001206,Vertex,✔,✔,✔,❌,✔
DefaultUnifiedPlasticReflectionVS_8400120e,Vertex,✔,✔,✔,❌,✔
DefaultUnifiedSurfaceAppearanceDitheredEmissiveAlphaFS_00000800,Fragment,❌,❌,❌,✔,❌
DefaultUnifiedSurfaceAppearanceDitheredEmissiveAlphaFS_00800800,Fragment,❌,❌,❌,✔,❌
DefaultUnifiedSurfaceAppearanceDitheredEmissiveAlphaFS_10000000,Fragment,❌,❌,❌,✔,❌
DefaultUnifiedSurfaceAppearanceDitheredEmissiveAlphaFS_10000400,Fragment,❌,❌,❌,✔,❌
DefaultUnifiedSurfaceAppearanceDitheredEmissiveAlphaFS_10800000,Fragment,❌,❌,❌,✔,❌
DefaultUnifiedSurfaceAppearanceDitheredEmissiveAlphaFS_10800400,Fragment,❌,❌,❌,✔,❌
DefaultUnifiedSurfaceAppearanceDitheredEmissiveAlphaFS_20000000,Fragment,❌,❌,❌,✔,❌
DefaultUnifiedSurfaceAppearanceDitheredEmissiveAlphaFS_20800000,Fragment,❌,❌,❌,✔,❌
DefaultUnifiedSurfaceAppearanceDitheredFS_00000800,Fragment,❌,❌,❌,✔,❌
DefaultUnifiedSurfaceAppearanceDitheredFS_00800800,Fragment,❌,❌,❌,✔,❌
DefaultUnifiedSurfaceAppearanceDitheredFS_10000000,Fragment,❌,❌,❌,✔,❌
DefaultUnifiedSurfaceAppearanceDitheredFS_10000400,Fragment,❌,❌,❌,✔,❌
DefaultUnifiedSurfaceAppearanceDitheredFS_10800000,Fragment,❌,❌,❌,✔,❌
DefaultUnifiedSurfaceAppearanceDitheredFS_10800400,Fragment,❌,❌,❌,✔,❌
DefaultUnifiedSurfaceAppearanceDitheredFS_20000000,Fragment,❌,❌,❌,✔,❌
DefaultUnifiedSurfaceAppearanceDitheredFS_20800000,Fragment,❌,❌,❌,✔,❌
DefaultUnifiedSurfaceAppearanceDitheredOldFS_00000800,Fragment,❌,❌,❌,✔,❌
DefaultUnifiedSurfaceAppearanceDitheredOldFS_00800800,Fragment,❌,❌,❌,✔,❌
DefaultUnifiedSurfaceAppearanceDitheredOldFS_10000000,Fragment,❌,❌,❌,✔,❌
DefaultUnifiedSurfaceAppearanceDitheredOldFS_10000400,Fragment,❌,❌,❌,✔,❌
DefaultUnifiedSurfaceAppearanceDitheredOldFS_10800000,Fragment,❌,❌,❌,✔,❌
DefaultUnifiedSurfaceAppearanceDitheredOldFS_10800400,Fragment,❌,❌,❌,✔,❌
DefaultUnifiedSurfaceAppearanceDitheredOldFS_20000000,Fragment,❌,❌,❌,✔,❌
DefaultUnifiedSurfaceAppearanceDitheredOldFS_20800000,Fragment,❌,❌,❌,✔,❌
DefaultUnifiedSurfaceAppearanceEditableImageDitheredFS_00000800,Fragment,❌,❌,❌,✔,❌
DefaultUnifiedSurfaceAppearanceEditableImageDitheredFS_00800800,Fragment,❌,❌,❌,✔,❌
DefaultUnifiedSurfaceAppearanceEditableImageDitheredFS_10000000,Fragment,❌,❌,❌,✔,❌
DefaultUnifiedSurfaceAppearanceEditableImageDitheredFS_10000400,Fragment,❌,❌,❌,✔,❌
DefaultUnifiedSurfaceAppearanceEditableImageDitheredFS_10800000,Fragment,❌,❌,❌,✔,❌
DefaultUnifiedSurfaceAppearanceEditableImageDitheredFS_10800400,Fragment,❌,❌,❌,✔,❌
DefaultUnifiedSurfaceAppearanceEditableImageDitheredFS_20000000,Fragment,❌,❌,❌,✔,❌
DefaultUnifiedSurfaceAppearanceEditableImageDitheredFS_20800000,Fragment,❌,❌,❌,✔,❌
DefaultUnifiedSurfaceAppearanceEditableImageDitheredOldFS_00000800,Fragment,❌,❌,❌,✔,❌
DefaultUnifiedSurfaceAppearanceEditableImageDitheredOldFS_00800800,Fragment,❌,❌,❌,✔,❌
DefaultUnifiedSurfaceAppearanceEditableImageDitheredOldFS_10000000,Fragment,❌,❌,❌,✔,❌
DefaultUnifiedSurfaceAppearanceEditableImageDitheredOldFS_10000400,Fragment,❌,❌,❌,✔,❌
DefaultUnifiedSurfaceAppearanceEditableImageDitheredOldFS_10800000,Fragment,❌,❌,❌,✔,❌
DefaultUnifiedSurfaceAppearanceEditableImageDitheredOldFS_10800400,Fragment,❌,❌,❌,✔,❌
DefaultUnifiedSurfaceAppearanceEditableImageDitheredOldFS_20000000,Fragment,❌,❌,❌,✔,❌
DefaultUnifiedSurfaceAppearanceEditableImageDitheredOldFS_20800000,Fragment,❌,❌,❌,✔,❌
DefaultUnifiedSurfaceAppearanceEditableImageFS_00000800,Fragment,❌,❌,❌,✔,❌
DefaultUnifiedSurfaceAppearanceEditableImageFS_00800800,Fragment,❌,❌,❌,✔,❌
DefaultUnifiedSurfaceAppearanceEditableImageFS_10000000,Fragment,❌,❌,❌,✔,❌
DefaultUnifiedSurfaceAppearanceEditableImageFS_10000400,Fragment,❌,❌,❌,✔,❌
DefaultUnifiedSurfaceAppearanceEditableImageFS_10800000,Fragment,❌,❌,❌,✔,❌
DefaultUnifiedSurfaceAppearanceEditableImageFS_10800400,Fragment,❌,❌,❌,✔,❌
DefaultUnifiedSurfaceAppearanceEditableImageFS_20000000,Fragment,❌,❌,❌,✔,❌
DefaultUnifiedSurfaceAppearanceEditableImageFS_20800000,Fragment,❌,❌,❌,✔,❌
DefaultUnifiedSurfaceAppearanceEditableImageOldFS_00000800,Fragment,❌,❌,❌,✔,❌
DefaultUnifiedSurfaceAppearanceEditableImageOldFS_00800800,Fragment,❌,❌,❌,✔,❌
DefaultUnifiedSurfaceAppearanceEditableImageOldFS_10000000,Fragment,❌,❌,❌,✔,❌
DefaultUnifiedSurfaceAppearanceEditableImageOldFS_10000400,Fragment,❌,❌,❌,✔,❌
DefaultUnifiedSurfaceAppearanceEditableImageOldFS_10800000,Fragment,❌,❌,❌,✔,❌
DefaultUnifiedSurfaceAppearanceEditableImageOldFS_10800400,Fragment,❌,❌,❌,✔,❌
DefaultUnifiedSurfaceAppearanceEditableImageOldFS_20000000,Fragment,❌,❌,❌,✔,❌
DefaultUnifiedSurfaceAppearanceEditableImageOldFS_20800000,Fragment,❌,❌,❌,✔,❌
DefaultUnifiedSurfaceAppearanceEmissiveAlphaFS_00000800,Fragment,❌,❌,❌,✔,❌
DefaultUnifiedSurfaceAppearanceEmissiveAlphaFS_00800800,Fragment,❌,❌,❌,✔,❌
DefaultUnifiedSurfaceAppearanceEmissiveAlphaFS_10000000,Fragment,❌,❌,❌,✔,❌
DefaultUnifiedSurfaceAppearanceEmissiveAlphaFS_10000400,Fragment,❌,❌,❌,✔,❌
DefaultUnifiedSurfaceAppearanceEmissiveAlphaFS_10800000,Fragment,❌,❌,❌,✔,❌
DefaultUnifiedSurfaceAppearanceEmissiveAlphaFS_10800400,Fragment,❌,❌,❌,✔,❌
DefaultUnifiedSurfaceAppearanceEmissiveAlphaFS_20000000,Fragment,❌,❌,❌,✔,❌
DefaultUnifiedSurfaceAppearanceEmissiveAlphaFS_20800000,Fragment,❌,❌,❌,✔,❌
DefaultUnifiedSurfaceAppearanceFS_00000800,Fragment,❌,❌,❌,✔,❌
DefaultUnifiedSurfaceAppearanceFS_00800800,Fragment,❌,❌,❌,✔,❌
DefaultUnifiedSurfaceAppearanceFS_10000000,Fragment,❌,❌,❌,✔,❌
DefaultUnifiedSurfaceAppearanceFS_10000400,Fragment,❌,❌,❌,✔,❌
DefaultUnifiedSurfaceAppearanceFS_10800000,Fragment,❌,❌,❌,✔,❌
DefaultUnifiedSurfaceAppearanceFS_10800400,Fragment,❌,❌,❌,✔,❌
DefaultUnifiedSurfaceAppearanceFS_20000000,Fragment,❌,❌,❌,✔,❌
DefaultUnifiedSurfaceAppearanceFS_20800000,Fragment,❌,❌,❌,✔,❌
DefaultUnifiedSurfaceAppearanceOldFS_00000800,Fragment,❌,❌,❌,✔,❌
DefaultUnifiedSurfaceAppearanceOldFS_00800800,Fragment,❌,❌,❌,✔,❌
DefaultUnifiedSurfaceAppearanceOldFS_10000000,Fragment,❌,❌,❌,✔,❌
DefaultUnifiedSurfaceAppearanceOldFS_10000400,Fragment,❌,❌,❌,✔,❌
DefaultUnifiedSurfaceAppearanceOldFS_10800000,Fragment,❌,❌,❌,✔,❌
DefaultUnifiedSurfaceAppearanceOldFS_10800400,Fragment,❌,❌,❌,✔,❌
DefaultUnifiedSurfaceAppearanceOldFS_20000000,Fragment,❌,❌,❌,✔,❌
DefaultUnifiedSurfaceAppearanceOldFS_20800000,Fragment,❌,❌,❌,✔,❌
DefaultUnifiedSurfaceAppearanceVS_00000800,Vertex,❌,❌,❌,✔,❌
DefaultUnifiedSurfaceAppearanceVS_00000801,Vertex,❌,❌,❌,✔,❌
DefaultUnifiedSurfaceAppearanceVS_00000802,Vertex,❌,❌,❌,✔,❌
DefaultUnifiedSurfaceAppearanceVS_00000806,Vertex,❌,❌,❌,✔,❌
DefaultUnifiedSurfaceAppearanceVS_00001800,Vertex,❌,❌,❌,✔,❌
DefaultUnifiedSurfaceAppearanceVS_00001802,Vertex,❌,❌,❌,✔,❌
DefaultUnifiedSurfaceAppearanceVS_00001806,Vertex,❌,❌,❌,✔,❌
DefaultUnifiedSurfaceAppearanceVS_00100801,Vertex,❌,❌,❌,✔,❌
DefaultUnifiedSurfaceAppearanceVS_04000806,Vertex,❌,❌,❌,✔,❌
DefaultUnifiedSurfaceAppearanceVS_04001806,Vertex,❌,❌,❌,✔,❌
DefaultUnifiedSurfaceAppearanceVS_10000000,Vertex,❌,❌,❌,✔,❌
DefaultUnifiedSurfaceAppearanceVS_10000001,Vertex,❌,❌,❌,✔,❌
DefaultUnifiedSurfaceAppearanceVS_10000002,Vertex,❌,❌,❌,✔,❌
DefaultUnifiedSurfaceAppearanceVS_10000006,Vertex,❌,❌,❌,✔,❌
DefaultUnifiedSurfaceAppearanceVS_10000400,Vertex,❌,❌,❌,✔,❌
DefaultUnifiedSurfaceAppearanceVS_10000401,Vertex,❌,❌,❌,✔,❌
DefaultUnifiedSurfaceAppearanceVS_10000402,Vertex,❌,❌,❌,✔,❌
DefaultUnifiedSurfaceAppearanceVS_10000406,Vertex,❌,❌,❌,✔,❌
DefaultUnifiedSurfaceAppearanceVS_10001000,Vertex,❌,❌,❌,✔,❌
DefaultUnifiedSurfaceAppearanceVS_10001002,Vertex,❌,❌,❌,✔,❌
DefaultUnifiedSurfaceAppearanceVS_10001006,Vertex,❌,❌,❌,✔,❌
DefaultUnifiedSurfaceAppearanceVS_10001400,Vertex,❌,❌,❌,✔,❌
DefaultUnifiedSurfaceAppearanceVS_10001402,Vertex,❌,❌,❌,✔,❌
DefaultUnifiedSurfaceAppearanceVS_10001406,Vertex,❌,❌,❌,✔,❌
DefaultUnifiedSurfaceAppearanceVS_10100001,Vertex,❌,❌,❌,✔,❌
DefaultUnifiedSurfaceAppearanceVS_10100401,Vertex,❌,❌,❌,✔,❌
DefaultUnifiedSurfaceAppearanceVS_14000006,Vertex,❌,❌,❌,✔,❌
DefaultUnifiedSurfaceAppearanceVS_14000406,Vertex,❌,❌,❌,✔,❌
DefaultUnifiedSurfaceAppearanceVS_14001006,Vertex,❌,❌,❌,✔,❌
DefaultUnifiedSurfaceAppearanceVS_14001406,Vertex,❌,❌,❌,✔,❌
DefaultUnifiedSurfaceAppearanceVS_20000000,Vertex,❌,❌,❌,✔,❌
DefaultUnifiedSurfaceAppearanceVS_20000001,Vertex,❌,❌,❌,✔,❌
DefaultUnifiedSurfaceAppearanceVS_20000002,Vertex,❌,❌,❌,✔,❌
DefaultUnifiedSurfaceAppearanceVS_20000006,Vertex,❌,❌,❌,✔,❌
DefaultUnifiedSurfaceAppearanceVS_20001000,Vertex,❌,❌,❌,✔,❌
DefaultUnifiedSurfaceAppearanceVS_20001002,Vertex,❌,❌,❌,✔,❌
DefaultUnifiedSurfaceAppearanceVS_20001006,Vertex,❌,❌,❌,✔,❌
DefaultUnifiedSurfaceAppearanceVS_20100001,Vertex,❌,❌,❌,✔,❌
DefaultUnifiedSurfaceAppearanceVS_24000006,Vertex,❌,❌,❌,✔,❌
DefaultUnifiedSurfaceAppearanceVS_24001006,Vertex,❌,❌,❌,✔,❌
DefaultUnifiedTiledEmissiveHideDiffuseRepFS_00000800,Fragment,❌,❌,❌,✔,❌
DefaultUnifiedTiledEmissiveHideDiffuseRepFS_10000000,Fragment,❌,❌,❌,✔,❌
DefaultUnifiedTiledEmissiveHideDiffuseRepFS_10000400,Fragment,❌,❌,❌,✔,❌
DefaultUnifiedTiledEmissiveHideDiffuseRepFS_20000000,Fragment,❌,❌,❌,✔,❌
DefaultUnifiedTiledEmissiveHideDiffuseRepOldFS_00000800,Fragment,❌,❌,❌,✔,❌
DefaultUnifiedTiledEmissiveHideDiffuseRepOldFS_10000000,Fragment,❌,❌,❌,✔,❌
DefaultUnifiedTiledEmissiveHideDiffuseRepOldFS_10000400,Fragment,❌,❌,❌,✔,❌
DefaultUnifiedTiledEmissiveHideDiffuseRepOldFS_20000000,Fragment,❌,❌,❌,✔,❌
DefaultUnifiedTiledEmissiveHideDiffuseRepOldVS_00000800,Vertex,✔,✔,✔,✔,✔
DefaultUnifiedTiledEmissiveHideDiffuseRepOldVS_00000801,Vertex,✔,✔,✔,✔,✔
DefaultUnifiedTiledEmissiveHideDiffuseRepOldVS_00000802,Vertex,✔,✔,✔,✔,✔
DefaultUnifiedTiledEmissiveHideDiffuseRepOldVS_00000806,Vertex,✔,✔,✔,✔,✔
DefaultUnifiedTiledEmissiveHideDiffuseRepOldVS_00001800,Vertex,✔,✔,✔,✔,✔
DefaultUnifiedTiledEmissiveHideDiffuseRepOldVS_00001802,Vertex,✔,✔,✔,✔,✔
DefaultUnifiedTiledEmissiveHideDiffuseRepOldVS_00001806,Vertex,✔,✔,✔,✔,✔
DefaultUnifiedTiledEmissiveHideDiffuseRepOldVS_00100801,Vertex,✔,✔,✔,✔,✔
DefaultUnifiedTiledEmissiveHideDiffuseRepOldVS_00200800,Vertex,✔,✔,✔,❌,✔
DefaultUnifiedTiledEmissiveHideDiffuseRepOldVS_00300800,Vertex,✔,✔,✔,❌,✔
DefaultUnifiedTiledEmissiveHideDiffuseRepOldVS_04000806,Vertex,✔,✔,✔,✔,✔
DefaultUnifiedTiledEmissiveHideDiffuseRepOldVS_04001806,Vertex,✔,✔,✔,✔,✔
DefaultUnifiedTiledEmissiveHideDiffuseRepOldVS_10000000,Vertex,✔,✔,✔,✔,✔
DefaultUnifiedTiledEmissiveHideDiffuseRepOldVS_10000001,Vertex,✔,✔,✔,✔,✔
DefaultUnifiedTiledEmissiveHideDiffuseRepOldVS_10000002,Vertex,✔,✔,✔,✔,✔
DefaultUnifiedTiledEmissiveHideDiffuseRepOldVS_10000006,Vertex,✔,✔,✔,✔,✔
DefaultUnifiedTiledEmissiveHideDiffuseRepOldVS_10000400,Vertex,✔,✔,✔,✔,✔
DefaultUnifiedTiledEmissiveHideDiffuseRepOldVS_10000401,Vertex,✔,✔,✔,✔,✔
DefaultUnifiedTiledEmissiveHideDiffuseRepOldVS_10000402,Vertex,✔,✔,✔,✔,✔
DefaultUnifiedTiledEmissiveHideDiffuseRepOldVS_10000406,Vertex,✔,✔,✔,✔,✔
DefaultUnifiedTiledEmissiveHideDiffuseRepOldVS_10001000,Vertex,✔,✔,✔,✔,✔
DefaultUnifiedTiledEmissiveHideDiffuseRepOldVS_10001002,Vertex,✔,✔,✔,✔,✔
DefaultUnifiedTiledEmissiveHideDiffuseRepOldVS_10001006,Vertex,✔,✔,✔,✔,✔
DefaultUnifiedTiledEmissiveHideDiffuseRepOldVS_10001400,Vertex,✔,✔,✔,✔,✔
DefaultUnifiedTiledEmissiveHideDiffuseRepOldVS_10001402,Vertex,✔,✔,✔,✔,✔
DefaultUnifiedTiledEmissiveHideDiffuseRepOldVS_10001406,Vertex,✔,✔,✔,✔,✔
DefaultUnifiedTiledEmissiveHideDiffuseRepOldVS_10100001,Vertex,✔,✔,✔,✔,✔
DefaultUnifiedTiledEmissiveHideDiffuseRepOldVS_10100401,Vertex,✔,✔,✔,✔,✔
DefaultUnifiedTiledEmissiveHideDiffuseRepOldVS_10200000,Vertex,✔,✔,✔,❌,✔
DefaultUnifiedTiledEmissiveHideDiffuseRepOldVS_10200400,Vertex,✔,✔,✔,❌,✔
DefaultUnifiedTiledEmissiveHideDiffuseRepOldVS_10300000,Vertex,✔,✔,✔,❌,✔
DefaultUnifiedTiledEmissiveHideDiffuseRepOldVS_10300400,Vertex,✔,✔,✔,❌,✔
DefaultUnifiedTiledEmissiveHideDiffuseRepOldVS_14000006,Vertex,✔,✔,✔,✔,✔
DefaultUnifiedTiledEmissiveHideDiffuseRepOldVS_14000406,Vertex,✔,✔,✔,✔,✔
DefaultUnifiedTiledEmissiveHideDiffuseRepOldVS_14001006,Vertex,✔,✔,✔,✔,✔
DefaultUnifiedTiledEmissiveHideDiffuseRepOldVS_14001406,Vertex,✔,✔,✔,✔,✔
DefaultUnifiedTiledEmissiveHideDiffuseRepOldVS_20000000,Vertex,✔,✔,✔,✔,✔
DefaultUnifiedTiledEmissiveHideDiffuseRepOldVS_20000001,Vertex,✔,✔,✔,✔,✔
DefaultUnifiedTiledEmissiveHideDiffuseRepOldVS_20000002,Vertex,✔,✔,✔,✔,✔
DefaultUnifiedTiledEmissiveHideDiffuseRepOldVS_20000006,Vertex,✔,✔,✔,✔,✔
DefaultUnifiedTiledEmissiveHideDiffuseRepOldVS_20001000,Vertex,❌,✔,✔,✔,✔
DefaultUnifiedTiledEmissiveHideDiffuseRepOldVS_20001002,Vertex,❌,✔,✔,✔,✔
DefaultUnifiedTiledEmissiveHideDiffuseRepOldVS_20001006,Vertex,❌,✔,✔,✔,✔
DefaultUnifiedTiledEmissiveHideDiffuseRepOldVS_20100001,Vertex,✔,✔,✔,✔,✔
DefaultUnifiedTiledEmissiveHideDiffuseRepOldVS_20200000,Vertex,✔,✔,✔,❌,✔
DefaultUnifiedTiledEmissiveHideDiffuseRepOldVS_20300000,Vertex,✔,✔,✔,❌,✔
DefaultUnifiedTiledEmissiveHideDiffuseRepOldVS_24000006,Vertex,❌,✔,✔,✔,✔
DefaultUnifiedTiledEmissiveHideDiffuseRepOldVS_24001006,Vertex,❌,✔,✔,✔,✔
DefaultUnifiedTiledEmissiveHideDiffuseRepOldVS_40000000,Vertex,❌,❌,✔,❌,✔
DefaultUnifiedTiledEmissiveHideDiffuseRepOldVS_40000001,Vertex,❌,❌,✔,❌,✔
DefaultUnifiedTiledEmissiveHideDiffuseRepOldVS_40000002,Vertex,❌,❌,✔,❌,✔
DefaultUnifiedTiledEmissiveHideDiffuseRepOldVS_40000006,Vertex,❌,❌,✔,❌,✔
DefaultUnifiedTiledEmissiveHideDiffuseRepOldVS_40001000,Vertex,❌,❌,✔,❌,✔
DefaultUnifiedTiledEmissiveHideDiffuseRepOldVS_40001002,Vertex,❌,❌,✔,❌,✔
DefaultUnifiedTiledEmissiveHideDiffuseRepOldVS_40001006,Vertex,❌,❌,✔,❌,✔
DefaultUnifiedTiledEmissiveHideDiffuseRepOldVS_40100001,Vertex,❌,❌,✔,❌,✔
DefaultUnifiedTiledEmissiveHideDiffuseRepOldVS_40200000,Vertex,❌,❌,✔,❌,✔
DefaultUnifiedTiledEmissiveHideDiffuseRepOldVS_40300000,Vertex,❌,❌,✔,❌,✔
DefaultUnifiedTiledEmissiveHideDiffuseRepOldVS_44000006,Vertex,❌,❌,✔,❌,✔
DefaultUnifiedTiledEmissiveHideDiffuseRepOldVS_44001006,Vertex,❌,❌,✔,❌,✔
DefaultUnifiedTiledEmissiveHideDiffuseRepOldVS_80000000,Vertex,❌,❌,✔,❌,✔
DefaultUnifiedTiledEmissiveHideDiffuseRepOldVS_80000001,Vertex,❌,❌,✔,❌,✔
DefaultUnifiedTiledEmissiveHideDiffuseRepOldVS_80000002,Vertex,❌,❌,✔,❌,✔
DefaultUnifiedTiledEmissiveHideDiffuseRepOldVS_80000006,Vertex,❌,❌,✔,❌,✔
DefaultUnifiedTiledEmissiveHideDiffuseRepOldVS_80000200,Vertex,❌,❌,✔,❌,✔
DefaultUnifiedTiledEmissiveHideDiffuseRepOldVS_80000201,Vertex,❌,❌,✔,❌,✔
DefaultUnifiedTiledEmissiveHideDiffuseRepOldVS_80001000,Vertex,❌,❌,✔,❌,✔
DefaultUnifiedTiledEmissiveHideDiffuseRepOldVS_80001002,Vertex,❌,❌,✔,❌,✔
DefaultUnifiedTiledEmissiveHideDiffuseRepOldVS_80001006,Vertex,❌,❌,✔,❌,✔
DefaultUnifiedTiledEmissiveHideDiffuseRepOldVS_80100001,Vertex,❌,❌,✔,❌,✔
DefaultUnifiedTiledEmissiveHideDiffuseRepOldVS_80200000,Vertex,❌,❌,✔,❌,✔
DefaultUnifiedTiledEmissiveHideDiffuseRepOldVS_80200200,Vertex,❌,❌,✔,❌,✔
DefaultUnifiedTiledEmissiveHideDiffuseRepOldVS_80300000,Vertex,❌,❌,✔,❌,✔
DefaultUnifiedTiledEmissiveHideDiffuseRepOldVS_84000006,Vertex,❌,❌,✔,❌,✔
DefaultUnifiedTiledEmissiveHideDiffuseRepOldVS_84001006,Vertex,❌,❌,✔,❌,✔
DefaultUnifiedTiledEmissiveHideDiffuseRepVS_00000800,Vertex,❌,❌,❌,✔,❌
DefaultUnifiedTiledEmissiveHideDiffuseRepVS_00000801,Vertex,❌,❌,❌,✔,❌
DefaultUnifiedTiledEmissiveHideDiffuseRepVS_00000802,Vertex,❌,❌,❌,✔,❌
DefaultUnifiedTiledEmissiveHideDiffuseRepVS_00000806,Vertex,❌,❌,❌,✔,❌
DefaultUnifiedTiledEmissiveHideDiffuseRepVS_00001800,Vertex,❌,❌,❌,✔,❌
DefaultUnifiedTiledEmissiveHideDiffuseRepVS_00001802,Vertex,❌,❌,❌,✔,❌
DefaultUnifiedTiledEmissiveHideDiffuseRepVS_00001806,Vertex,❌,❌,❌,✔,❌
DefaultUnifiedTiledEmissiveHideDiffuseRepVS_00100801,Vertex,❌,❌,❌,✔,❌
DefaultUnifiedTiledEmissiveHideDiffuseRepVS_04000806,Vertex,❌,❌,❌,✔,❌
DefaultUnifiedTiledEmissiveHideDiffuseRepVS_04001806,Vertex,❌,❌,❌,✔,❌
DefaultUnifiedTiledEmissiveHideDiffuseRepVS_10000000,Vertex,❌,❌,❌,✔,❌
DefaultUnifiedTiledEmissiveHideDiffuseRepVS_10000001,Vertex,❌,❌,❌,✔,❌
DefaultUnifiedTiledEmissiveHideDiffuseRepVS_10000002,Vertex,❌,❌,❌,✔,❌
DefaultUnifiedTiledEmissiveHideDiffuseRepVS_10000006,Vertex,❌,❌,❌,✔,❌
DefaultUnifiedTiledEmissiveHideDiffuseRepVS_10000400,Vertex,❌,❌,❌,✔,❌
DefaultUnifiedTiledEmissiveHideDiffuseRepVS_10000401,Vertex,❌,❌,❌,✔,❌
DefaultUnifiedTiledEmissiveHideDiffuseRepVS_10000402,Vertex,❌,❌,❌,✔,❌
DefaultUnifiedTiledEmissiveHideDiffuseRepVS_10000406,Vertex,❌,❌,❌,✔,❌
DefaultUnifiedTiledEmissiveHideDiffuseRepVS_10001000,Vertex,❌,❌,❌,✔,❌
DefaultUnifiedTiledEmissiveHideDiffuseRepVS_10001002,Vertex,❌,❌,❌,✔,❌
DefaultUnifiedTiledEmissiveHideDiffuseRepVS_10001006,Vertex,❌,❌,❌,✔,❌
DefaultUnifiedTiledEmissiveHideDiffuseRepVS_10001400,Vertex,❌,❌,❌,✔,❌
DefaultUnifiedTiledEmissiveHideDiffuseRepVS_10001402,Vertex,❌,❌,❌,✔,❌
DefaultUnifiedTiledEmissiveHideDiffuseRepVS_10001406,Vertex,❌,❌,❌,✔,❌
DefaultUnifiedTiledEmissiveHideDiffuseRepVS_10100001,Vertex,❌,❌,❌,✔,❌
DefaultUnifiedTiledEmissiveHideDiffuseRepVS_10100401,Vertex,❌,❌,❌,✔,❌
DefaultUnifiedTiledEmissiveHideDiffuseRepVS_14000006,Vertex,❌,❌,❌,✔,❌
DefaultUnifiedTiledEmissiveHideDiffuseRepVS_14000406,Vertex,❌,❌,❌,✔,❌
DefaultUnifiedTiledEmissiveHideDiffuseRepVS_14001006,Vertex,❌,❌,❌,✔,❌
DefaultUnifiedTiledEmissiveHideDiffuseRepVS_14001406,Vertex,❌,❌,❌,✔,❌
DefaultUnifiedTiledEmissiveHideDiffuseRepVS_20000000,Vertex,❌,❌,❌,✔,❌
DefaultUnifiedTiledEmissiveHideDiffuseRepVS_20000001,Vertex,❌,❌,❌,✔,❌
DefaultUnifiedTiledEmissiveHideDiffuseRepVS_20000002,Vertex,❌,❌,❌,✔,❌
DefaultUnifiedTiledEmissiveHideDiffuseRepVS_20000006,Vertex,❌,❌,❌,✔,❌
DefaultUnifiedTiledEmissiveHideDiffuseRepVS_20001000,Vertex,❌,❌,❌,✔,❌
DefaultUnifiedTiledEmissiveHideDiffuseRepVS_20001002,Vertex,❌,❌,❌,✔,❌
DefaultUnifiedTiledEmissiveHideDiffuseRepVS_20001006,Vertex,❌,❌,❌,✔,❌
DefaultUnifiedTiledEmissiveHideDiffuseRepVS_20100001,Vertex,❌,❌,❌,✔,❌
DefaultUnifiedTiledEmissiveHideDiffuseRepVS_24000006,Vertex,❌,❌,❌,✔,❌
DefaultUnifiedTiledEmissiveHideDiffuseRepVS_24001006,Vertex,❌,❌,❌,✔,❌
DefaultUnifiedWangFallbackFS,Fragment,✔,✔,✔,✔,✔
DepthResolveMax2FS,Fragment,❌,✔,✔,✔,✔
DepthResolveMax4FS,Fragment,❌,✔,✔,✔,✔
DepthResolveMin2FS,Fragment,❌,✔,✔,✔,✔
DepthResolveMin4FS,Fragment,❌,✔,✔,✔,✔
DilateTemporalFS,Fragment,❌,❌,✔,❌,✔
DownSample4x4ViewportVS,Vertex,✔,✔,✔,✔,✔
DownSample4x4VS,Vertex,✔,✔,✔,✔,✔
FastConvDownsamplePS,Fragment,✔,✔,✔,✔,✔
FastConvolutionPS,Fragment,✔,✔,✔,✔,✔
FXCompositingFS,Fragment,✔,✔,✔,✔,✔
FXCompositingLinearFS,Fragment,✔,✔,✔,✔,✔
GenTileBorderCS,Compute,❌,❌,✔,❌,✔
GrassHQVSWindDepth,Vertex,✔,✔,✔,✔,✔
GrassHQVSWindDepthOld,Vertex,✔,✔,✔,✔,✔
GrassVSDepth,Vertex,✔,✔,✔,✔,✔
GrassVSDepthOld,Vertex,✔,✔,✔,✔,✔
HighlightInPlaceFS_00000000,Fragment,✔,✔,✔,✔,✔
HighlightPostprocessAlphaTestFS_00000000,Fragment,✔,✔,✔,✔,✔
HighlightPostprocessFS_00000000,Fragment,✔,✔,✔,✔,✔
HighlightStudioSelectionAlphaTestFS_00000000,Fragment,✔,✔,✔,✔,✔
HighlightStudioSelectionFS_00000000,Fragment,✔,✔,✔,✔,✔
HighlightStudioSelectionTeamCreateAlphaTestFS_00000000,Fragment,✔,✔,✔,✔,✔
HighlightStudioSelectionTeamCreateFS_00000000,Fragment,✔,✔,✔,✔,✔
InstancedCopy,Compute,✔,✔,✔,❌,✔
InstancedDebugGarbage,Compute,✔,✔,✔,❌,✔
InstancedUploadFull,Compute,✔,✔,✔,❌,✔
LanczosNonRingingFS,Fragment,✔,✔,✔,✔,✔
LanczosSubpixelFS,Fragment,✔,✔,✔,✔,✔
LightGridCullAccumAndCreateMaskCS,Compute,❌,❌,✔,❌,✔
LightGridCullClearCS,Compute,❌,❌,✔,❌,✔
LightGridCullCountOffsetCS,Compute,❌,❌,✔,❌,✔
LightGridCullCS,Compute,❌,❌,✔,❌,✔
LightGridCullGatherCS,Compute,❌,❌,✔,❌,✔
LightGridPointSplatFS,Fragment,✔,✔,✔,✔,✔
LightGridPointSplatVS,Vertex,✔,✔,✔,✔,✔
LinearizeDepthAAFS,Fragment,❌,✔,✔,✔,✔
LinearizeDepthBufferFS,Fragment,❌,❌,✔,❌,✔
LinearizeDepthFS,Fragment,✔,✔,✔,✔,✔
ModelLodDepthFS,Fragment,✔,✔,✔,✔,✔
ModelLodDepthVS,Vertex,✔,✔,✔,✔,✔
motionBufferDepthASWHack,Fragment,❌,❌,✔,❌,✔
motionBufferFastClusterPS,Fragment,❌,❌,✔,❌,✔
motionBufferFastClusterSmoothSkinnedVS,Vertex,❌,❌,✔,❌,✔
motionBufferFastClusterSmoothSkinnedWorldSpaceVS,Vertex,❌,❌,✔,❌,✔
motionBufferFastClusterVS,Vertex,❌,❌,✔,❌,✔
motionBufferFastClusterWorldSpaceVS,Vertex,❌,❌,✔,❌,✔
motionBufferInstancedClusterPS,Fragment,❌,❌,✔,❌,✔
motionBufferInstancedClusterVS,Vertex,❌,❌,✔,❌,✔
motionBufferInstancedClusterWorldSpaceVS,Vertex,❌,❌,✔,❌,✔
OutputDepthFS,Fragment,✔,✔,✔,✔,✔
ParticleCurveAddFS,Fragment,✔,✔,✔,✔,✔
ParticleCurveAddFS_Soft,Fragment,✔,✔,✔,❌,✔
ParticleCurveCrazyFS,Fragment,✔,✔,✔,✔,✔
ParticleCurveCrazyFS_Soft,Fragment,✔,✔,✔,❌,✔
ParticleCurveCrazySparklesFS,Fragment,✔,✔,✔,✔,✔
ParticleCurveModulateFS,Fragment,✔,✔,✔,✔,✔
ParticleCurveModulateFS_Soft,Fragment,✔,✔,✔,❌,✔
ParticleCurveVS,Vertex,✔,✔,✔,✔,✔
ParticleCustomFS,Fragment,✔,✔,✔,✔,✔
ParticleCustomFS_Soft,Fragment,✔,✔,✔,❌,✔
ParticleCustomVS,Vertex,✔,✔,✔,✔,✔
ParticleCustomVS_old,Vertex,✔,✔,✔,✔,✔
ParticleLightingFS,Fragment,✔,✔,✔,✔,✔
ParticleLightingVS,Vertex,✔,✔,✔,✔,✔
PassThrough3MRTFS,Fragment,✔,✔,✔,✔,✔
PassThroughArrayFS,Fragment,✔,✔,✔,✔,✔
PassThroughClampedFS,Fragment,✔,✔,✔,✔,✔
PassThroughFS,Fragment,✔,✔,✔,✔,✔
PassThroughLodFS,Fragment,✔,✔,✔,✔,✔
PassThroughModifyUVVS,Vertex,✔,✔,✔,✔,✔
PassThroughModifyVS,Vertex,✔,✔,✔,✔,✔
PassThroughNoOpVS,Vertex,✔,✔,✔,✔,✔
PassThroughPosViewportVS,Vertex,✔,✔,✔,✔,✔
PassThroughPosVS,Vertex,✔,✔,✔,✔,✔
PassThroughRotationVS,Vertex,✔,✔,✔,✔,✔
PassThroughViewportRotationVS,Vertex,✔,✔,✔,✔,✔
PassThroughViewportVS,Vertex,✔,✔,✔,✔,✔
PassThroughVS,Vertex,✔,✔,✔,✔,✔
PerformanceOverlayFS_00000000,Fragment,✔,✔,✔,✔,✔
PerformanceOverlayLightPS,Fragment,✔,✔,✔,✔,✔
PerformanceOverlayLightVS,Vertex,✔,✔,✔,✔,✔
PerformanceOverlayScreenFS,Fragment,✔,✔,✔,✔,✔
PerformanceOverlayTerrainFS_00000000,Fragment,✔,✔,✔,✔,✔
ProcessGuiFS,Fragment,✔,✔,✔,✔,✔
ProfilerFS,Fragment,✔,✔,✔,✔,✔
ProfilerVS,Vertex,✔,✔,✔,✔,✔
ReprojectFilterFS,Fragment,❌,❌,✔,❌,✔
ShadowBlurFS,Fragment,✔,✔,✔,✔,✔
ShadowBlurMarkFS,Fragment,✔,✔,✔,✔,✔
ShadowBlurMarkVS,Vertex,✔,✔,✔,✔,✔
ShadowEvsmClearFS,Fragment,✔,✔,✔,✔,✔
ShadowEvsmClearVS,Vertex,✔,✔,✔,✔,✔
ShadowEvsmCopyFS,Fragment,✔,✔,✔,✔,✔
ShadowEvsmHBlurDFS_1,Fragment,✔,✔,✔,✔,✔
ShadowEvsmHBlurDFS_11,Fragment,✔,✔,✔,✔,✔
ShadowEvsmHBlurDFS_13,Fragment,✔,✔,✔,✔,✔
ShadowEvsmHBlurDFS_15,Fragment,✔,✔,✔,✔,✔
ShadowEvsmHBlurDFS_17,Fragment,✔,✔,✔,✔,✔
ShadowEvsmHBlurDFS_3,Fragment,✔,✔,✔,✔,✔
ShadowEvsmHBlurDFS_5,Fragment,✔,✔,✔,✔,✔
ShadowEvsmHBlurDFS_7,Fragment,✔,✔,✔,✔,✔
ShadowEvsmHBlurDFS_9,Fragment,✔,✔,✔,✔,✔
ShadowEvsmPassThroughFlippedVS,Vertex,✔,✔,✔,✔,✔
ShadowEvsmPassThroughVS,Vertex,✔,✔,✔,✔,✔
ShadowEvsmRemapFS,Fragment,✔,✔,✔,✔,✔
ShadowEvsmVBlurLFS_1,Fragment,✔,✔,✔,✔,✔
ShadowEvsmVBlurLFS_3,Fragment,✔,✔,✔,✔,✔
ShadowEvsmVBlurLFS_5,Fragment,✔,✔,✔,✔,✔
ShadowEvsmVBlurLFS_7,Fragment,✔,✔,✔,✔,✔
ShadowEvsmVBlurLFS_9,Fragment,✔,✔,✔,✔,✔
SkyFS,Fragment,✔,✔,✔,✔,✔
SkyLinearFS,Fragment,✔,✔,✔,✔,✔
SkyLinearVColorFS,Fragment,✔,✔,✔,✔,✔
SkyRGBEFS,Fragment,✔,✔,✔,✔,✔
SkyRGBELinearFS,Fragment,✔,✔,✔,✔,✔
SkyRGBELinearVColorFS,Fragment,✔,✔,✔,✔,✔
SkyVS,Vertex,✔,✔,✔,✔,✔
SmoothClusterDepthFS,Fragment,✔,✔,✔,✔,✔
SmoothClusterDepthVS,Vertex,✔,✔,✔,✔,✔
SmoothClusterFeedback2FS,Fragment,✔,✔,✔,✔,✔
SmoothClusterFeedbackFS,Fragment,✔,✔,✔,✔,✔
SmoothClusterFeedbackVS,Vertex,✔,✔,✔,✔,✔
SmoothClusterVTDepthFS,Fragment,✔,✔,✔,✔,✔
SmoothClusterVTDepthVS,Vertex,✔,✔,✔,✔,✔
SmoothClusterVTTranslationFS,Fragment,✔,✔,✔,✔,✔
SmoothClusterVTTranslationVS,Vertex,✔,✔,✔,✔,✔
SmootherStepFS,Fragment,✔,✔,✔,✔,✔
SpecularConvFS,Fragment,✔,✔,✔,✔,✔
SpecularConvVS,Vertex,✔,✔,✔,✔,✔
SRGBToLinearFS,Fragment,✔,✔,✔,✔,✔
SSAOBlurXFS,Fragment,✔,✔,✔,✔,✔
SSAOBlurYFS,Fragment,✔,✔,✔,✔,✔
SSAOCompositVS,Vertex,✔,✔,✔,✔,✔
SSAODepthDownFS,Fragment,✔,✔,✔,✔,✔
SSAOFS,Fragment,✔,✔,✔,✔,✔
SSAOVS,Vertex,✔,✔,✔,✔,✔
StarsFS,Fragment,✔,✔,✔,✔,✔
StarsVS,Vertex,✔,✔,✔,✔,✔
TexCompFS,Fragment,✔,✔,✔,✔,✔
TexCompOversampleVS,Vertex,✔,✔,✔,✔,✔
TexCompPMAFS,Fragment,✔,✔,✔,✔,✔
TexCompVS,Vertex,✔,✔,✔,✔,✔
TrailFS,Fragment,✔,✔,✔,✔,✔
TrailFSLight,Fragment,✔,✔,✔,✔,✔
TrailFSQuad,Fragment,✔,✔,✔,✔,✔
TrailFSQuadLight,Fragment,✔,✔,✔,✔,✔
TrailVS,Vertex,✔,✔,✔,✔,✔
TrailVSLight,Vertex,✔,✔,✔,✔,✔
TrailVSQuad,Vertex,✔,✔,✔,✔,✔
TrailVSQuadLight,Vertex,✔,✔,✔,✔,✔
UIFogFSSDBox,Fragment,✔,✔,✔,✔,✔
UIFogVS,Vertex,✔,✔,✔,✔,✔
UIFS,Fragment,✔,✔,✔,✔,✔
UIFSAdvSDBox,Fragment,✔,✔,✔,✔,✔
UIFSMdrSDBox,Fragment,✔,✔,✔,✔,✔
UIFSPremultiplied,Fragment,✔,✔,✔,✔,✔
UIFSPremultipliedSDBox,Fragment,✔,✔,✔,✔,✔
UILitFogFSSDBox,Fragment,✔,✔,✔,✔,✔
UILitFogFSShadowedFSMSDBox,Fragment,✔,✔,✔,❌,✔
UILitFogFSShadowedFSMSDBox_FFlagNewLightAttenuation,Fragment,✔,✔,✔,❌,✔
UILitFogFSShadowedSDBox,Fragment,✔,✔,✔,✔,✔
UITransformedLitFogVS,Vertex,✔,✔,✔,✔,✔
UITransformedLitFogVSShadowed,Vertex,✔,✔,✔,✔,✔
UITransformedLitFogVSShadowedFSM,Vertex,✔,✔,✔,❌,✔
UITransformedLitFogVSShadowedFSM_FFlagNewLightAttenuation,Vertex,✔,✔,✔,❌,✔
UITransformedVS,Vertex,✔,✔,✔,✔,✔
UIVS,Vertex,✔,✔,✔,✔,✔