Name,Shader Type
AdornAALineFS,Fragment
AdornAALineVS,Vertex
AdornCvxDebugFS,Fragment
AdornFixedWidthAALineVS,Vertex
AdornFS,Fragment
AdornLightingVS,Vertex
AdornObjectFS,Fragment
AdornObjectParabolaVS,Vertex
AdornObjectRopeVS,Vertex
AdornObjectSpringVS,Vertex
AdornObjectVS,Vertex
AdornOnTopFS,Fragment
AdornOutlineFS,Fragment
AdornOutlineVS,Vertex
AdornSelfLitHighlightVS,Vertex
AdornSelfLitVS,Vertex
AdornUnlitFS,Fragment
AdornVS,Vertex
AdvSkyEnvFS,Fragment
AdvSkyFS,Fragment
AdvSkyLinearEnvFS,Fragment
AdvSkyLinearFS,Fragment
AdvSkyRGBEEnvFS,Fragment
AdvSkyRGBEFS,Fragment
AdvSkyRGBELinearEnvFS,Fragment
AdvSkyRGBELinearFS,Fragment
AdvSkyVS,Vertex
AdvStarsFS,Fragment
AdvStarsVS,Vertex
AdvSunFS,Fragment
AdvSunVS,Vertex
AoBlurUpsampleCS,Compute
ASWDepthDownsize,Fragment
AtlasCopyCS,Compute
Blur1FS,Fragment
Blur3FS,Fragment
Blur5FS,Fragment
Blur7FS,Fragment
BokehFarCoCFS,Fragment
BokehNearCoCFS,Fragment
CheapBokehFS,Fragment
CheckerboardDepthFS,Fragment
ClearFourChannelCS,Compute
ClearOneChannelCS,Compute
ClearThreeChannelCS,Compute
ClearTwoChannelCS,Compute
CloudsBsmFS,Fragment
CloudsBsmFSOld,Fragment
CloudsClearToSkyColorFS,Fragment
CloudsCompFS,Fragment
CloudsCompSingleTapFS,Fragment
CloudsDist2dFS,Fragment
CloudsDistFS,Fragment
CloudsReprojectFilterFS,Fragment
CloudsSunCoverFS,Fragment
CloudsVS,Vertex
CompressBc1CS,Compute
CompressBc3CS,Compute
CompressBc4CS,Compute
CompressTileAlbedoBcCS,Compute
CompressTileNormalBcCS,Compute
CompressTileSpecBcCS,Compute
CopyGuiVS,Vertex
DefaultDepthFS,Fragment
DefaultMaterialVariantDitheredDepthFS,Fragment
DefaultMaterialVariantDitheredDetileDepthFS,Fragment
DefaultModelLodFS,Fragment
DefaultModelLodVS,Vertex
DefaultShadowFS,Fragment
DefaultUnifiedGlassTintFS,Fragment
DefaultUnifiedGridFS_00000800,Fragment
DefaultUnifiedGridFS_10000000,Fragment
DefaultUnifiedGridFS_10000400,Fragment
DefaultUnifiedGridFS_20000000,Fragment
DefaultUnifiedGridFS_40000000,Fragment
DefaultUnifiedGridFS_80000000,Fragment
DefaultUnifiedGridFS_80000200,Fragment
DefaultUnifiedGridVS_00000800,Vertex
DefaultUnifiedGridVS_00000802,Vertex
DefaultUnifiedGridVS_00000806,Vertex
DefaultUnifiedGridVS_00001800,Vertex
DefaultUnifiedGridVS_00001802,Vertex
DefaultUnifiedGridVS_00001806,Vertex
DefaultUnifiedGridVS_00100801,Vertex
DefaultUnifiedGridVS_00100807,Vertex
DefaultUnifiedGridVS_00300800,Vertex
DefaultUnifiedGridVS_00300806,Vertex
DefaultUnifiedGridVS_00300826,Vertex
DefaultUnifiedGridVS_10000000,Vertex
DefaultUnifiedGridVS_10000002,Vertex
DefaultUnifiedGridVS_10000006,Vertex
DefaultUnifiedGridVS_10000400,Vertex
DefaultUnifiedGridVS_10000402,Vertex
DefaultUnifiedGridVS_10000406,Vertex
DefaultUnifiedGridVS_10001000,Vertex
DefaultUnifiedGridVS_10001002,Vertex
DefaultUnifiedGridVS_10001006,Vertex
DefaultUnifiedGridVS_10001400,Vertex
DefaultUnifiedGridVS_10001402,Vertex
DefaultUnifiedGridVS_10001406,Vertex
DefaultUnifiedGridVS_10100001,Vertex
DefaultUnifiedGridVS_10100007,Vertex
DefaultUnifiedGridVS_10100401,Vertex
DefaultUnifiedGridVS_10100407,Vertex
DefaultUnifiedGridVS_10300000,Vertex
DefaultUnifiedGridVS_10300006,Vertex
DefaultUnifiedGridVS_10300026,Vertex
DefaultUnifiedGridVS_10300400,Vertex
DefaultUnifiedGridVS_10300406,Vertex
DefaultUnifiedGridVS_10300426,Vertex
DefaultUnifiedGridVS_20000000,Vertex
DefaultUnifiedGridVS_20000002,Vertex
DefaultUnifiedGridVS_20000006,Vertex
DefaultUnifiedGridVS_20001000,Vertex
DefaultUnifiedGridVS_20001002,Vertex
DefaultUnifiedGridVS_20001006,Vertex
DefaultUnifiedGridVS_20100001,Vertex
DefaultUnifiedGridVS_20100007,Vertex
DefaultUnifiedGridVS_20300000,Vertex
DefaultUnifiedGridVS_20300006,Vertex
DefaultUnifiedGridVS_20300026,Vertex
DefaultUnifiedGridVS_40000000,Vertex
DefaultUnifiedGridVS_40000002,Vertex
DefaultUnifiedGridVS_40000006,Vertex
DefaultUnifiedGridVS_40001000,Vertex
DefaultUnifiedGridVS_40001002,Vertex
DefaultUnifiedGridVS_40001006,Vertex
DefaultUnifiedGridVS_40100001,Vertex
DefaultUnifiedGridVS_40100007,Vertex
DefaultUnifiedGridVS_40300000,Vertex
DefaultUnifiedGridVS_40300006,Vertex
DefaultUnifiedGridVS_40300026,Vertex
DefaultUnifiedGridVS_80000000,Vertex
DefaultUnifiedGridVS_80000002,Vertex
DefaultUnifiedGridVS_80000006,Vertex
DefaultUnifiedGridVS_80000200,Vertex
DefaultUnifiedGridVS_80000202,Vertex
DefaultUnifiedGridVS_80000206,Vertex
DefaultUnifiedGridVS_80001000,Vertex
DefaultUnifiedGridVS_80001002,Vertex
DefaultUnifiedGridVS_80001006,Vertex
DefaultUnifiedGridVS_80001200,Vertex
DefaultUnifiedGridVS_80001202,Vertex
DefaultUnifiedGridVS_80001206,Vertex
DefaultUnifiedGridVS_80100001,Vertex
DefaultUnifiedGridVS_80100007,Vertex
DefaultUnifiedGridVS_80100201,Vertex
DefaultUnifiedGridVS_80100207,Vertex
DefaultUnifiedGridVS_80300000,Vertex
DefaultUnifiedGridVS_80300006,Vertex
DefaultUnifiedGridVS_80300026,Vertex
DefaultUnifiedGridVS_80300200,Vertex
DefaultUnifiedGridVS_80300206,Vertex
DefaultUnifiedGridVS_80300226,Vertex
DefaultUnifiedModelLodFS,Fragment
DefaultUnifiedModelLodVS,Vertex
DefaultUnifiedPlasticReflectionVS_00000800,Vertex
DefaultUnifiedPlasticReflectionVS_00000802,Vertex
DefaultUnifiedPlasticReflectionVS_00000806,Vertex
DefaultUnifiedPlasticReflectionVS_00001800,Vertex
DefaultUnifiedPlasticReflectionVS_00001802,Vertex
DefaultUnifiedPlasticReflectionVS_00001806,Vertex
DefaultUnifiedPlasticReflectionVS_00100801,Vertex
DefaultUnifiedPlasticReflectionVS_00100807,Vertex
DefaultUnifiedPlasticReflectionVS_00300800,Vertex
DefaultUnifiedPlasticReflectionVS_00300806,Vertex
DefaultUnifiedPlasticReflectionVS_00300826,Vertex
DefaultUnifiedPlasticReflectionVS_10000000,Vertex
DefaultUnifiedPlasticReflectionVS_10000002,Vertex
DefaultUnifiedPlasticReflectionVS_10000006,Vertex
DefaultUnifiedPlasticReflectionVS_10000400,Vertex
DefaultUnifiedPlasticReflectionVS_10000402,Vertex
DefaultUnifiedPlasticReflectionVS_10000406,Vertex
DefaultUnifiedPlasticReflectionVS_10001000,Vertex
DefaultUnifiedPlasticReflectionVS_10001002,Vertex
DefaultUnifiedPlasticReflectionVS_10001006,Vertex
DefaultUnifiedPlasticReflectionVS_10001400,Vertex
DefaultUnifiedPlasticReflectionVS_10001402,Vertex
DefaultUnifiedPlasticReflectionVS_10001406,Vertex
DefaultUnifiedPlasticReflectionVS_10100001,Vertex
DefaultUnifiedPlasticReflectionVS_10100007,Vertex
DefaultUnifiedPlasticReflectionVS_10100401,Vertex
DefaultUnifiedPlasticReflectionVS_10100407,Vertex
DefaultUnifiedPlasticReflectionVS_10300000,Vertex
DefaultUnifiedPlasticReflectionVS_10300006,Vertex
DefaultUnifiedPlasticReflectionVS_10300026,Vertex
DefaultUnifiedPlasticReflectionVS_10300400,Vertex
DefaultUnifiedPlasticReflectionVS_10300406,Vertex
DefaultUnifiedPlasticReflectionVS_10300426,Vertex
DefaultUnifiedPlasticReflectionVS_20000000,Vertex
DefaultUnifiedPlasticReflectionVS_20000002,Vertex
DefaultUnifiedPlasticReflectionVS_20000006,Vertex
DefaultUnifiedPlasticReflectionVS_20001000,Vertex
DefaultUnifiedPlasticReflectionVS_20001002,Vertex
DefaultUnifiedPlasticReflectionVS_20001006,Vertex
DefaultUnifiedPlasticReflectionVS_20100001,Vertex
DefaultUnifiedPlasticReflectionVS_20100007,Vertex
DefaultUnifiedPlasticReflectionVS_20300000,Vertex
DefaultUnifiedPlasticReflectionVS_20300006,Vertex
DefaultUnifiedPlasticReflectionVS_20300026,Vertex
DefaultUnifiedPlasticReflectionVS_40000000,Vertex
DefaultUnifiedPlasticReflectionVS_40000002,Vertex
DefaultUnifiedPlasticReflectionVS_40000006,Vertex
DefaultUnifiedPlasticReflectionVS_40001000,Vertex
DefaultUnifiedPlasticReflectionVS_40001002,Vertex
DefaultUnifiedPlasticReflectionVS_40001006,Vertex
DefaultUnifiedPlasticReflectionVS_40100001,Vertex
DefaultUnifiedPlasticReflectionVS_40100007,Vertex
DefaultUnifiedPlasticReflectionVS_40300000,Vertex
DefaultUnifiedPlasticReflectionVS_40300006,Vertex
DefaultUnifiedPlasticReflectionVS_40300026,Vertex
DefaultUnifiedPlasticReflectionVS_80000000,Vertex
DefaultUnifiedPlasticReflectionVS_80000002,Vertex
DefaultUnifiedPlasticReflectionVS_80000006,Vertex
DefaultUnifiedPlasticReflectionVS_80000200,Vertex
DefaultUnifiedPlasticReflectionVS_80001000,Vertex
DefaultUnifiedPlasticReflectionVS_80001002,Vertex
DefaultUnifiedPlasticReflectionVS_80001006,Vertex
DefaultUnifiedPlasticReflectionVS_80100001,Vertex
DefaultUnifiedPlasticReflectionVS_80100007,Vertex
DefaultUnifiedPlasticReflectionVS_80100201,Vertex
DefaultUnifiedPlasticReflectionVS_80100207,Vertex
DefaultUnifiedPlasticReflectionVS_80300000,Vertex
DefaultUnifiedPlasticReflectionVS_80300006,Vertex
DefaultUnifiedPlasticReflectionVS_80300026,Vertex
DefaultUnifiedPlasticReflectionVS_80300200,Vertex
DefaultUnifiedPlasticReflectionVS_80300206,Vertex
DefaultUnifiedWangFallbackFS,Fragment
DepthCaptureFS,Fragment
DepthResolveMax2FS,Fragment
DepthResolveMax4FS,Fragment
DepthResolveMin2FS,Fragment
DepthResolveMin4FS,Fragment
DilateTemporalFS,Fragment
DOFDownSampleAndComputeFarCoCHorizontal4xFS,Fragment
DOFDownSampleAndMaskFarFieldColorHorizontal2xFS,Fragment
DOFDownSampleAndMaskNearFieldColorHorizontal2xFS,Fragment
DOFDownSampleAndMaskNearFieldColorHorizontal4xFS,Fragment
DOFDownSampleCoCAvg4xFS,Fragment
DOFDownSampleCoCExtractAlphaMax4xFS,Fragment
DOFDownSampleCoCMax4xFS,Fragment
DOFDownSampleCoCMin4xFS,Fragment
DOFDownSampleColor2xFS,Fragment
DOFEdgeFattenFS,Fragment
DOFFullscreenFarFieldCoCFS,Fragment
DOFFullscreenNearFieldCoCFS,Fragment
DOFResolveFarFS,Fragment
DOFResolveNearFS,Fragment
DownSample4x4AvgFS,Fragment
DownSample4x4MaxFS,Fragment
DownSample4x4ViewportVS,Vertex
DownSample4x4VS,Vertex
DownSampleGjoel8UVVS,Vertex
DownSampleGjoelFS,Fragment
DownSampleGjoelLinearFS,Fragment
DownSampleGjoelMipFS,Fragment
DownSampleGlowTemporal8x8FS,Fragment
DownSampleGlowTemporalLinear8x8FS,Fragment
FastConvDownsamplePS,Fragment
FastConvolutionPS,Fragment
FixUpCoCFS,Fragment
FXCompositingFS,Fragment
FXCompositingLinearFS,Fragment
GenNormalsFS,Fragment
GenNormalsTransitionAwareFS,Fragment
GenTileBorderCS,Compute
GenTileBorderRadialFS,Fragment
HbaoCompositClippedFS,Fragment
HbaoCompositFS,Fragment
HBAODepthDownFS,Fragment
HbaoFS,Fragment
HeightmapDebugShadowPS,Fragment
HeightmapDebugShadowVS,Vertex
HighlightDispatchPostprocessFS_00000000,Fragment
HighlightDispatchStudioSelectionAlphaTestFS_00000000,Fragment
HighlightDispatchStudioSelectionFS_00000000,Fragment
HighlightInPlaceFS_00000000,Fragment
HighlightPostprocessFS_00000000,Fragment
HighlightStudioSelectionAlphaTestFS_00000000,Fragment
HighlightStudioSelectionFS_00000000,Fragment
HighlightStudioSelectionTeamCreateAlphaTestFS_00000000,Fragment
HighlightStudioSelectionTeamCreateFS_00000000,Fragment
InstancedCopy,Compute
InstancedDebugGarbage,Compute
InstancedUploadCFrame,Compute
InstancedUploadFull,Compute
LanczosNonRingingFS,Fragment
LanczosNonRingingWatermarkFS,Fragment
LanczosSubpixelFS,Fragment
LanczosSubpixelWatermarkFS,Fragment
LightGridCullAccumAndCreateMaskCS,Compute
LightGridCullClearCS,Compute
LightGridCullCountOffsetCS,Compute
LightGridCullCS,Compute
LightGridCullGatherCS,Compute
LightGridPointSplatFS,Fragment
LightGridPointSplatVS,Vertex
LinearizeDepthAAFS,Fragment
LinearizeDepthBufferFS,Fragment
LinearizeDepthFS,Fragment
Memcpy48CS,Compute
ModelLodDepthFS,Fragment
ModelLodDepthVS,Vertex
motionBufferDepthASWHack,Fragment
motionBufferFastClusterPS,Fragment
motionBufferFastClusterSmoothSkinnedVS,Vertex
motionBufferFastClusterSmoothSkinnedWorldSpaceVS,Vertex
motionBufferFastClusterVS,Vertex
motionBufferFastClusterWorldSpaceVS,Vertex
motionBufferInstancedClusterPS,Fragment
motionBufferInstancedClusterVS,Vertex
motionBufferInstancedClusterWorldSpaceVS,Vertex
OutputDepthFS,Fragment
ParticleCurveAddFS,Fragment
ParticleCurveAddFS_Soft,Fragment
ParticleCurveCrazyFS,Fragment
ParticleCurveCrazyFS_Soft,Fragment
ParticleCurveCrazySparklesFS,Fragment
ParticleCurveModulateFS,Fragment
ParticleCurveModulateFS_Soft,Fragment
ParticleCurveVS,Vertex
ParticleCurveVS_Soft,Vertex
ParticleCurveVS_Soft_NoFadeFix,Vertex
ParticleCustomFS,Fragment
ParticleCustomFS_Soft,Fragment
ParticleCustomVS,Vertex
ParticleCustomVS_noZeroVel,Vertex
ParticleCustomVS_old,Vertex
ParticleCustomVS_Soft,Vertex
ParticleCustomVS_Soft_NoFadeFix,Vertex
ParticleCustomVS_Soft_NoFadeFix_noZeroVel,Vertex
ParticleCustomVS_Soft_noZeroVel,Vertex
ParticleCustomVS_Soft_old,Vertex
ParticleCustomVS_Soft_old_NoFadeFix,Vertex
ParticleLightingFS,Fragment
ParticleLightingVS,Vertex
PassThrough3MRTFS,Fragment
PassThroughArrayFS,Fragment
PassThroughClampedFS,Fragment
PassThroughClampedWatermarkFS,Fragment
PassThroughFS,Fragment
PassThroughLodFS,Fragment
PassThroughModifyUVVS,Vertex
PassThroughModifyVS,Vertex
PassThroughNoOpVS,Vertex
PassThroughPosViewportVS,Vertex
PassThroughPosVS,Vertex
PassThroughRotationVS,Vertex
PassThroughViewportRotationVS,Vertex
PassThroughViewportVS,Vertex
PassThroughVS,Vertex
PassThroughWatermarkFS,Fragment
PerformanceOverlayFS_00000000,Fragment
PerformanceOverlayLightPS,Fragment
PerformanceOverlayLightVS,Vertex
PerformanceOverlayScreenFS,Fragment
PerformanceOverlayTerrainFS_00000000,Fragment
ProcessGuiFS,Fragment
ProfilerFS,Fragment
ProfilerVS,Vertex
RadialBlur12FS,Fragment
RadialBlur3FS,Fragment
RadialBlur6FS,Fragment
RadialBlur9FS,Fragment
ReprojectFilterClippedFS,Fragment
ReprojectFilterFS,Fragment
ScatterMemcpy48CS,Compute
SelectionOutlineActiveFS,Fragment
SelectionOutlineFS,Fragment
SelectionOutlineHoverFS,Fragment
SelectionOutlineNegatedFS_New,Fragment
SelectionOutlineTeamCreateFS,Fragment
ShadowBlurFS,Fragment
ShadowBlurMarkFS,Fragment
ShadowBlurMarkVS,Vertex
ShadowEvsmClearFS,Fragment
ShadowEvsmClearVS,Vertex
ShadowEvsmCopyFS,Fragment
ShadowEvsmHBlurDFS_1,Fragment
ShadowEvsmHBlurDFS_11,Fragment
ShadowEvsmHBlurDFS_13,Fragment
ShadowEvsmHBlurDFS_15,Fragment
ShadowEvsmHBlurDFS_17,Fragment
ShadowEvsmHBlurDFS_3,Fragment
ShadowEvsmHBlurDFS_5,Fragment
ShadowEvsmHBlurDFS_7,Fragment
ShadowEvsmHBlurDFS_9,Fragment
ShadowEvsmPassThroughFlippedVS,Vertex
ShadowEvsmPassThroughVS,Vertex
ShadowEvsmRemapFS,Fragment
ShadowEvsmVBlurLFS_1,Fragment
ShadowEvsmVBlurLFS_3,Fragment
ShadowEvsmVBlurLFS_5,Fragment
ShadowEvsmVBlurLFS_7,Fragment
ShadowEvsmVBlurLFS_9,Fragment
SkyFS,Fragment
SkyLinearFS,Fragment
SkyLinearVColorFS,Fragment
SkyRGBEFS,Fragment
SkyRGBELinearFS,Fragment
SkyRGBELinearVColorFS,Fragment
SkyVS,Vertex
SmoothClusterDepthClippedFS,Fragment
SmoothClusterDepthFS,Fragment
SmoothClusterFeedbackClippedFS,Fragment
SmoothClusterFeedbackDebugFS,Fragment
SmoothClusterFeedbackFS,Fragment
SmoothClusterFeedbackVS,Vertex
SmoothClusterVTDepthClippedFS,Fragment
SmoothClusterVTDepthFS,Fragment
SmoothClusterVTDepthVS,Vertex
SmoothClusterVTTranslationFS,Fragment
SmoothClusterVTTranslationVS,Vertex
SmootherStepFS,Fragment
SmootherStepWatermarkFS,Fragment
SpecularConvFS,Fragment
SpecularConvVS,Vertex
SRGBToLinearFS,Fragment
SSAOBlurXFS,Fragment
SSAOBlurYFS,Fragment
SSAOCompositFS,Fragment
SSAOCompositVS,Vertex
SSAODepthDownFS,Fragment
SSAOFS,Fragment
SSAOVS,Vertex
StarsFS,Fragment
StarsVS,Vertex
SunRays12FS,Fragment
SunRays6FS,Fragment
SunRays9FS,Fragment
TentFilterFS,Fragment
TexCompFS,Fragment
TexCompOversampleVS,Vertex
TexCompPMAFS,Fragment
TexCompVS,Vertex
TrailFS,Fragment
TrailFSLight,Fragment
TrailFSQuad,Fragment
TrailFSQuadLight,Fragment
TrailVS,Vertex
TrailVSLight,Vertex
TrailVSQuad,Vertex
TrailVSQuadLight,Vertex
UIFogVS,Vertex
UITransformedLitFogVS,Vertex
UITransformedLitFogVSShadowed,Vertex
UITransformedLitFogVSShadowedFSM,Vertex
UITransformedRRectClipVS,Vertex
UpSampleTentFS,Fragment
VoxelBufferCopyCS,Compute
VoxelScatterCopyCS,Compute
WatermarkBlendBrightenFS,Fragment
WatermarkBlendDarkenFS,Fragment
WatermarkOnlyFS,Fragment